sample_id,process_id,exp_id,citation_type,meta.publication_type,meta.doi,meta.lab_notebook_page,lab_sample_id,solution_id,polymer_id_1,iupac_name,common_name,mw,mn,dispersity,regioregularity,sidechain,polymer_wt_pct,polymer_id_2,iupac_name_2,common_name_2,mw.1,dispersity.1,polymer_wt_pct_2,pubchem_cid,iupac_name.1,concentration,vol_frac,pubchem_cid_2,iupac_name_2.1,vol_frac_2,solution_treatment_id,treatment_type,params.pubchem_cid,params.iupac_name,params.vol_frac_added,params.time,params.temp,device_fab_id,gate_material,dielectric_material,dielectric_thickness,dielectric_material_2,dielectric_thickness_2,electrode_material,adhesion_layer,electrode_configuration,channel_length,channel_width,dielectric_capacitance,substrate_pretreat_id,substrate_pretreat.sam.iupac_name,film_deposition_id,deposition_type,params.spin_rate,params.spin_time,params.blade_height,params.coating_speed,params.blade_angle,params.coating_time,params.coating_direction,params.environment,params.temperature,post_process_id,postprocess.annealing.temperature,postprocess.annealing.time,coating_process.annealing.environment,film.thickness,film.uv_vis.exciton_bandwidth,film.giwaxs.100_d_spacing,film.giwaxs.010_d_spacing,film.giwaxs.100_Lc,film.giwaxs.010_Lc,film.rdoc_(100),ofet.temperature,ofet.hole_mobility,ofet.hole_mobility_error,ofet.electron_mobility,ofet.electron_mobility_error,ofet.threshold_voltage_hole,ofet.threshold_voltage_electron,ofet.on_off_current,meta.direction,ofet.mobility_regime,ofet.environment,ofet.subthreshold_voltage,ofet.Vds,Vg_range,comment
1,1,1,literature,journal_article,10.1039/C5TC02579F,,,1,1,"poly[2,5-(2-octyldodecyl)-3,6-diketopyrrolopyrrole-alt-5,5-(2,5-di(thien-2-yl)thieno [3,2-b]thiophene)]",DPP-DTT,299.0,90.0,3.32,,C2H3-(C8H17)(C10H21),1.0,,,,,,,7964.0,chlorobenzene,4.0,1.0,,,,,,,,,,,1,n-doped Si,SiO2,300.0,,,Au,,BGTC,80.0,1500.0,10.0,,,1,spin,1000.0,,,,,,,air,,1.0,,,inert,40.0,,,,,,,,0.11,,,,,,380.0,,saturation,air,8.3,,"[-60,30]",
2,2,1,literature,journal_article,10.1039/C5TC02579F,,,1,1,"poly[2,5-(2-octyldodecyl)-3,6-diketopyrrolopyrrole-alt-5,5-(2,5-di(thien-2-yl)thieno [3,2-b]thiophene)]",DPP-DTT,299.0,90.0,3.32,,C2H3-(C8H17)(C10H21),1.0,,,,,,,7964.0,chlorobenzene,4.0,1.0,,,,,,,,,,,1,n-doped Si,SiO2,300.0,,,Au,,BGTC,80.0,1500.0,10.0,1.0,MTS,1,spin,1000.0,,,,,,,air,,1.0,,,inert,40.0,,,,,,,,0.29,,,,,,160000.0,,saturation,air,2.6,,"[-60,30]",
3,3,1,literature,journal_article,10.1039/C5TC02579F,,,1,1,"poly[2,5-(2-octyldodecyl)-3,6-diketopyrrolopyrrole-alt-5,5-(2,5-di(thien-2-yl)thieno [3,2-b]thiophene)]",DPP-DTT,299.0,90.0,3.32,,C2H3-(C8H17)(C10H21),1.0,,,,,,,7964.0,chlorobenzene,4.0,1.0,,,,,,,,,,,1,n-doped Si,SiO2,300.0,,,Au,,BGTC,80.0,1500.0,10.0,2.0,PTS,1,spin,1000.0,,,,,,,air,,1.0,,,inert,40.0,,,,,,,,0.23,,,,,,230000.0,,saturation,air,2.4,,"[-60,30]",
4,4,1,literature,journal_article,10.1039/C5TC02579F,,,1,1,"poly[2,5-(2-octyldodecyl)-3,6-diketopyrrolopyrrole-alt-5,5-(2,5-di(thien-2-yl)thieno [3,2-b]thiophene)]",DPP-DTT,299.0,90.0,3.32,,C2H3-(C8H17)(C10H21),1.0,,,,,,,7964.0,chlorobenzene,4.0,1.0,,,,,,,,,,,1,n-doped Si,SiO2,300.0,,,Au,,BGTC,80.0,1500.0,10.0,3.0,OTS-8,1,spin,1000.0,,,,,,,air,,1.0,,,inert,40.0,,,,,,,,0.73,,,,,,610000.0,,saturation,air,2.2,,"[-60,30]",
5,5,1,literature,journal_article,10.1039/C5TC02579F,,,1,1,"poly[2,5-(2-octyldodecyl)-3,6-diketopyrrolopyrrole-alt-5,5-(2,5-di(thien-2-yl)thieno [3,2-b]thiophene)]",DPP-DTT,299.0,90.0,3.32,,C2H3-(C8H17)(C10H21),1.0,,,,,,,7964.0,chlorobenzene,4.0,1.0,,,,,,,,,,,1,n-doped Si,SiO2,300.0,,,Au,,BGTC,80.0,1500.0,10.0,4.0,OTS-18,1,spin,1000.0,,,,,,,air,,1.0,,,inert,40.0,,,,,,,,1.86,,,,,,16000.0,,saturation,air,3.0,,"[-60,30]",
6,6,1,literature,journal_article,10.1039/C5TC02579F,,,1,1,"poly[2,5-(2-octyldodecyl)-3,6-diketopyrrolopyrrole-alt-5,5-(2,5-di(thien-2-yl)thieno [3,2-b]thiophene)]",DPP-DTT,299.0,90.0,3.32,,C2H3-(C8H17)(C10H21),1.0,,,,,,,7964.0,chlorobenzene,4.0,1.0,,,,,,,,,,,1,n-doped Si,SiO2,300.0,,,Au,,BGTC,80.0,1500.0,10.0,5.0,MTS/OTS-18,1,spin,1000.0,,,,,,,air,,1.0,,,inert,40.0,,,,,,,,0.21,,,,,,74000.0,,saturation,air,3.3,,"[-60,30]",
7,7,1,literature,journal_article,10.1039/C5TC02579F,,,2,1,"poly[2,5-(2-octyldodecyl)-3,6-diketopyrrolopyrrole-alt-5,5-(2,5-di(thien-2-yl)thieno [3,2-b]thiophene)]",DPP-DTT,299.0,90.0,3.32,,C2H3-(C8H17)(C10H21),1.0,,,,,,,7964.0,chlorobenzene,4.0,1.0,,,,,,,,,,,1,n-doped Si,SiO2,300.0,,,Au,,BGTC,80.0,1500.0,10.0,6.0,OTS-18/MTS,1,spin,1000.0,,,,,,,air,,1.0,,,inert,40.0,,,,,,,,0.34,,,,,,8000.0,,saturation,air,5.7,,"[-60,30]",
8,8,1,literature,journal_article,10.1039/C5TC02579F,,,2,1,"poly[2,5-(2-octyldodecyl)-3,6-diketopyrrolopyrrole-alt-5,5-(2,5-di(thien-2-yl)thieno [3,2-b]thiophene)]",DPP-DTT,299.0,90.0,3.32,,C2H3-(C8H17)(C10H21),1.0,,,,,,,7964.0,chlorobenzene,4.0,1.0,,,,,,,,,,,1,n-doped Si,SiO2,300.0,,,Au,,BGTC,80.0,1500.0,10.0,7.0,PTS/OTS-18,1,spin,1000.0,,,,,,,air,,1.0,,,inert,40.0,,,,,,,,0.24,,,,,,140000.0,,saturation,air,2.3,,"[-60,30]",
9,9,1,literature,journal_article,10.1039/C5TC02579F,,,2,1,"poly[2,5-(2-octyldodecyl)-3,6-diketopyrrolopyrrole-alt-5,5-(2,5-di(thien-2-yl)thieno [3,2-b]thiophene)]",DPP-DTT,299.0,90.0,3.32,,C2H3-(C8H17)(C10H21),1.0,,,,,,,7964.0,chlorobenzene,4.0,1.0,,,,,,,,,,,1,n-doped Si,SiO2,300.0,,,Au,,BGTC,80.0,1500.0,10.0,8.0,OTS-18/PTS,1,spin,1000.0,,,,,,,air,,1.0,,,inert,40.0,,,,,,,,1.97,,,,,,1300000.0,,saturation,air,2.2,,"[-60,30]",
10,10,1,literature,journal_article,10.1039/C5TC02579F,,,2,1,"poly[2,5-(2-octyldodecyl)-3,6-diketopyrrolopyrrole-alt-5,5-(2,5-di(thien-2-yl)thieno [3,2-b]thiophene)]",DPP-DTT,299.0,90.0,3.32,,C2H3-(C8H17)(C10H21),1.0,,,,,,,7964.0,chlorobenzene,4.0,1.0,,,,,,,,,,,1,n-doped Si,SiO2,300.0,,,Au,,BGTC,80.0,1500.0,10.0,9.0,OTS-8/OTS-18,1,spin,1000.0,,,,,,,air,,1.0,,,inert,40.0,,,,,,,,0.69,,,,,,670000.0,,saturation,air,2.1,,"[-60,30]",
11,11,1,literature,journal_article,10.1039/C5TC02579F,,,2,1,"poly[2,5-(2-octyldodecyl)-3,6-diketopyrrolopyrrole-alt-5,5-(2,5-di(thien-2-yl)thieno [3,2-b]thiophene)]",DPP-DTT,299.0,90.0,3.32,,C2H3-(C8H17)(C10H21),1.0,,,,,,,7964.0,chlorobenzene,4.0,1.0,,,,,,,,,,,1,n-doped Si,SiO2,300.0,,,Au,,BGTC,80.0,1500.0,10.0,10.0,OTS-18/OTS-8,1,spin,1000.0,,,,,,,air,,1.0,,,inert,40.0,,,,,,,,2.04,,,,,,1500000.0,,saturation,air,2.1,,"[-60,30]",
12,12,2,literature,journal_article,10.1021/acs.chemmater.7b03019,,,3,2,"poly[2,5-(2-octyldodecyl)-3,6-diketopyrrolopyrrole-alt-5,5-(2,5-di(thien-2-yl)thieno [3,2-b]thiophene)]",DPP-DTT,292.2,74.9,3.9,,C2H3-(C8H17)(C10H21),1.0,,,,,,,6212.0,chloroform,5.0,1.0,,,,,,,,,,,2,n-doped Si,SiO2,300.0,,,Au,Cr,BGBC,50.0,2000.0,11.5,,,2,spin,1500.0,60.0,,,,,,air,,2.0,160.0,1.0,air,45.0,,,,,,,,0.81,,,,,,,,saturation,nitrogen,,-80.0,"[-80,10]",
13,13,2,literature,journal_article,10.1021/acs.chemmater.7b03019,,,4,2,"poly[2,5-(2-octyldodecyl)-3,6-diketopyrrolopyrrole-alt-5,5-(2,5-di(thien-2-yl)thieno [3,2-b]thiophene)]",DPP-DTT,292.2,74.9,3.9,,C2H3-(C8H17)(C10H21),0.0083,96.0,poly(dimethylsiloxane),PDMS,,,0.9917,6212.0,chloroform,5.0,1.0,,,,,,,,,,,2,n-doped Si,SiO2,300.0,,,Au,Cr,BGBC,50.0,2000.0,11.5,,,2,spin,1500.0,60.0,,,,,,air,,2.0,160.0,1.0,air,1350.0,,,,,,,,1.53,,,,,,,,saturation,nitrogen,,-80.0,"[-80,10]",
14,14,3,literature,journal_article,10.1021/acs.chemmater.8b05224,,,5,2,"poly[2,5-(2-octyldodecyl)-3,6-diketopyrrolopyrrole-alt-5,5-(2,5-di(thien-2-yl)thieno [3,2-b]thiophene)]",DPP-DTT,292.2,74.9,3.9,,C2H3-(C8H17)(C10H21),0.0040999999999999995,96.0,poly(dimethylsiloxane),PDMS,,,0.9959,6212.0,chloroform,5.0,1.0,,,,,,,,,,,2,n-doped Si,SiO2,300.0,,,Au,Cr,BGBC,50.0,2000.0,11.5,,,2,spin,1500.0,60.0,,,,,,air,,2.0,160.0,1.0,air,,,,,,,,,0.9,,,,,,,,saturation,nitrogen,,-80.0,"[-80,10]",
15,15,3,literature,journal_article,10.1021/acs.chemmater.8b05224,,,6,2,"poly[2,5-(2-octyldodecyl)-3,6-diketopyrrolopyrrole-alt-5,5-(2,5-di(thien-2-yl)thieno [3,2-b]thiophene)]",DPP-DTT,292.2,74.9,3.9,,C2H3-(C8H17)(C10H21),0.0049,96.0,poly(dimethylsiloxane),PDMS,,,0.9951000000000001,6212.0,chloroform,5.0,1.0,,,,,,,,,,,2,n-doped Si,SiO2,300.0,,,Au,Cr,BGBC,50.0,2000.0,11.5,,,2,spin,1500.0,60.0,,,,,,air,,2.0,160.0,1.0,air,,,,,,,,,1.1,,,,,,,,saturation,nitrogen,,-80.0,"[-80,10]",
16,16,3,literature,journal_article,10.1021/acs.chemmater.8b05224,,,7,2,"poly[2,5-(2-octyldodecyl)-3,6-diketopyrrolopyrrole-alt-5,5-(2,5-di(thien-2-yl)thieno [3,2-b]thiophene)]",DPP-DTT,292.2,74.9,3.9,,C2H3-(C8H17)(C10H21),0.0062,96.0,poly(dimethylsiloxane),PDMS,,,0.9937999999999999,6212.0,chloroform,5.0,1.0,,,,,,,,,,,2,n-doped Si,SiO2,300.0,,,Au,Cr,BGBC,50.0,2000.0,11.5,,,2,spin,1500.0,60.0,,,,,,air,,2.0,160.0,1.0,air,,,,,,,,,1.25,,,,,,,,saturation,nitrogen,,-80.0,"[-80,10]",
17,17,3,literature,journal_article,10.1021/acs.chemmater.8b05224,,,8,2,"poly[2,5-(2-octyldodecyl)-3,6-diketopyrrolopyrrole-alt-5,5-(2,5-di(thien-2-yl)thieno [3,2-b]thiophene)]",DPP-DTT,292.2,74.9,3.9,,C2H3-(C8H17)(C10H21),0.0123,96.0,poly(dimethylsiloxane),PDMS,,,0.9876999999999999,6212.0,chloroform,5.0,1.0,,,,,,,,,,,2,n-doped Si,SiO2,300.0,,,Au,Cr,BGBC,50.0,2000.0,11.5,,,2,spin,1500.0,60.0,,,,,,air,,2.0,160.0,1.0,air,,,,,,,,,1.3,,,,,,,,saturation,nitrogen,,-80.0,"[-80,10]",
18,18,3,literature,journal_article,10.1021/acs.chemmater.8b05224,,,9,2,"poly[2,5-(2-octyldodecyl)-3,6-diketopyrrolopyrrole-alt-5,5-(2,5-di(thien-2-yl)thieno [3,2-b]thiophene)]",DPP-DTT,292.2,74.9,3.9,,C2H3-(C8H17)(C10H21),0.024399999999999998,96.0,poly(dimethylsiloxane),PDMS,,,0.9756,6212.0,chloroform,5.0,1.0,,,,,,,,,,,2,n-doped Si,SiO2,300.0,,,Au,Cr,BGBC,50.0,2000.0,11.5,,,2,spin,1500.0,60.0,,,,,,air,,2.0,160.0,1.0,air,,,,,,,,,1.25,,,,,,,,saturation,nitrogen,,-80.0,"[-80,10]",
19,19,3,literature,journal_article,10.1021/acs.chemmater.8b05224,,,10,2,"poly[2,5-(2-octyldodecyl)-3,6-diketopyrrolopyrrole-alt-5,5-(2,5-di(thien-2-yl)thieno [3,2-b]thiophene)]",DPP-DTT,292.2,74.9,3.9,,C2H3-(C8H17)(C10H21),0.16670000000000001,96.0,poly(dimethylsiloxane),PDMS,,,0.8332999999999999,6212.0,chloroform,5.0,1.0,,,,,,,,,,,2,n-doped Si,SiO2,300.0,,,Au,Cr,BGBC,50.0,2000.0,11.5,,,2,spin,1500.0,60.0,,,,,,air,,2.0,160.0,1.0,air,,,,,,,,,0.9,,,,,,,,saturation,nitrogen,,-80.0,"[-80,10]",
20,20,3,literature,journal_article,10.1021/acs.chemmater.8b05224,,,11,2,"poly[2,5-(2-octyldodecyl)-3,6-diketopyrrolopyrrole-alt-5,5-(2,5-di(thien-2-yl)thieno [3,2-b]thiophene)]",DPP-DTT,292.2,74.9,3.9,,C2H3-(C8H17)(C10H21),0.5,96.0,poly(dimethylsiloxane),PDMS,,,0.5,6212.0,chloroform,5.0,1.0,,,,,,,,,,,2,n-doped Si,SiO2,300.0,,,Au,Cr,BGBC,50.0,2000.0,11.5,,,2,spin,1500.0,60.0,,,,,,air,,2.0,160.0,1.0,air,,,,,,,,,0.6,,,,,,,,saturation,nitrogen,,-80.0,"[-80,10]",
21,21,4,literature,journal_article,10.1038/srep00754 ,,,12,3,"poly[2,5-(2-octyldodecyl)-3,6-diketopyrrolopyrrole-alt-5,5-(2,5-di(thien-2-yl)thieno [3,2-b]thiophene)]",DPP-DTT,91.0,29.0,3.14,,C2H3-(C8H17)(C10H21),1.0,,,,,,,7964.0,chlorobenzene,5.0,1.0,,,,,,,,,,,3,,,,,,,,,,,,,,3,spin,,,,,,,,air,,3.0,160.0,0.5,inert,,,,,,,,,1.0,,,,,,,,saturation,air,,,,
22,22,4,literature,journal_article,10.1038/srep00754 ,,,13,4,"poly[2,5-(2-octyldodecyl)-3,6-diketopyrrolopyrrole-alt-5,5-(2,5-di(thien-2-yl)thieno [3,2-b]thiophene)]",DPP-DTT,344.0,71.0,4.85,,C2H3-(C8H17)(C10H21),1.0,,,,,,,7964.0,chlorobenzene,5.0,1.0,,,,,,,,,,,3,,,,,,,,,,,,,,3,spin,,,,,,,,air,,3.0,160.0,0.5,inert,,,,,,,,,3.8,,,,,,,,saturation,air,,,,
23,23,4,literature,journal_article,10.1038/srep00754 ,,,14,5,"poly[2,5-(2-octyldodecyl)-3,6-diketopyrrolopyrrole-alt-5,5-(2,5-di(thien-2-yl)thieno [3,2-b]thiophene)]",DPP-DTT,501.0,110.0,4.55,,C2H3-(C8H17)(C10H21),1.0,,,,,,,7964.0,chlorobenzene,5.0,1.0,,,,,,,,,,,3,,,,,,,,,,,,,,3,spin,,,,,,,,air,,3.0,160.0,0.5,inert,100.0,,18.4,3.43,,,,,8.5,,,,,,,,saturation,air,,,,
24,24,4,literature,journal_article,10.1038/srep00754 ,,,14,5,"poly[2,5-(2-octyldodecyl)-3,6-diketopyrrolopyrrole-alt-5,5-(2,5-di(thien-2-yl)thieno [3,2-b]thiophene)]",DPP-DTT,501.0,110.0,4.55,,C2H3-(C8H17)(C10H21),1.0,,,,,,,7964.0,chlorobenzene,5.0,1.0,,,,,,,,,,,4,n-doped Si,SiO2,200.0,,,Au,,BGTC,100.0,4000.0,17.25,3.0,OTS-8,3,spin,,,,,,,,air,,3.0,160.0,0.5,inert,100.0,,18.4,3.43,,,,,6.85,,1.35,,2.0,,55000000.0,,saturation,air,0.9,-60.0,"[-60,10]",
25,25,4,literature,journal_article,10.1038/srep00754 ,,,14,5,"poly[2,5-(2-octyldodecyl)-3,6-diketopyrrolopyrrole-alt-5,5-(2,5-di(thien-2-yl)thieno [3,2-b]thiophene)]",DPP-DTT,501.0,110.0,4.55,,C2H3-(C8H17)(C10H21),1.0,,,,,,,7964.0,chlorobenzene,5.0,1.0,,,,,,,,,,,5,n-doped Si,SiO2,200.0,,,Au,,BGTC,125.0,4000.0,17.25,3.0,OTS-8,3,spin,,,,,,,,air,,3.0,160.0,0.5,inert,100.0,,18.4,3.43,,,,,7.25,,1.75,,2.0,,55000000.0,,saturation,air,0.9,-60.0,"[-60,10]",
26,26,4,literature,journal_article,10.1038/srep00754 ,,,14,5,"poly[2,5-(2-octyldodecyl)-3,6-diketopyrrolopyrrole-alt-5,5-(2,5-di(thien-2-yl)thieno [3,2-b]thiophene)]",DPP-DTT,501.0,110.0,4.55,,C2H3-(C8H17)(C10H21),1.0,,,,,,,7964.0,chlorobenzene,5.0,1.0,,,,,,,,,,,6,n-doped Si,SiO2,300.0,,,Au,,BGBC,30.0,1400.0,11.0,4.0,OTS-18,3,spin,,,,,,,,air,,4.0,160.0,0.5,air,100.0,,18.4,3.43,,,,,5.75,,2.25,,-1.0,,50500000.0,,saturation,air,1.2,-80.0,"[-30,5]",
27,27,4,literature,journal_article,10.1038/srep00754 ,,,14,5,"poly[2,5-(2-octyldodecyl)-3,6-diketopyrrolopyrrole-alt-5,5-(2,5-di(thien-2-yl)thieno [3,2-b]thiophene)]",DPP-DTT,501.0,110.0,4.55,,C2H3-(C8H17)(C10H21),1.0,,,,,,,7964.0,chlorobenzene,5.0,1.0,,,,,,,,,,,7,n-doped Si,SiO2,300.0,,,Au,,BGBC,40.0,1400.0,11.0,4.0,OTS-18,3,spin,,,,,,,,air,,4.0,160.0,0.5,air,100.0,,18.4,3.43,,,,,7.95,,2.55,,-1.0,,50500000.0,,saturation,air,1.05,-80.0,"[-30,5]",
28,28,4,literature,journal_article,10.1038/srep00754 ,,,14,5,"poly[2,5-(2-octyldodecyl)-3,6-diketopyrrolopyrrole-alt-5,5-(2,5-di(thien-2-yl)thieno [3,2-b]thiophene)]",DPP-DTT,501.0,110.0,4.55,,C2H3-(C8H17)(C10H21),1.0,,,,,,,7964.0,chlorobenzene,5.0,1.0,,,,,,,,,,,8,n-doped Si,SiO2,300.0,,,Au,,BGBC,50.0,1400.0,11.0,4.0,OTS-18,3,spin,,,,,,,,air,,4.0,160.0,0.5,air,100.0,,18.4,3.43,,,,,7.85,,2.65,,-1.5,,50500000.0,,saturation,air,1.05,-80.0,"[-30,5]",
29,28,4,literature,journal_article,10.1038/srep00754 ,,,14,5,"poly[2,5-(2-octyldodecyl)-3,6-diketopyrrolopyrrole-alt-5,5-(2,5-di(thien-2-yl)thieno [3,2-b]thiophene)]",DPP-DTT,501.0,110.0,4.55,,C2H3-(C8H17)(C10H21),1.0,,,,,,,7964.0,chlorobenzene,5.0,1.0,,,,,,,,,,,8,n-doped Si,SiO2,300.0,,,Au,,BGBC,50.0,1400.0,11.0,4.0,OTS-18,3,spin,,,,,,,,air,,4.0,160.0,0.5,air,100.0,,18.4,3.43,,,,77.0,0.15,,0.03,,-5.0,40.0,,,saturation,nitrogen,,-40.0,"[-40,20]",
30,28,4,literature,journal_article,10.1038/srep00754 ,,,14,5,"poly[2,5-(2-octyldodecyl)-3,6-diketopyrrolopyrrole-alt-5,5-(2,5-di(thien-2-yl)thieno [3,2-b]thiophene)]",DPP-DTT,501.0,110.0,4.55,,C2H3-(C8H17)(C10H21),1.0,,,,,,,7964.0,chlorobenzene,5.0,1.0,,,,,,,,,,,8,n-doped Si,SiO2,300.0,,,Au,,BGBC,50.0,1400.0,11.0,4.0,OTS-18,3,spin,,,,,,,,air,,4.0,160.0,0.5,air,100.0,,18.4,3.43,,,,227.0,2.1,,0.225,,5.0,38.0,,,saturation,nitrogen,,-40.0,"[-40,20]",
31,28,4,literature,journal_article,10.1038/srep00754 ,,,14,5,"poly[2,5-(2-octyldodecyl)-3,6-diketopyrrolopyrrole-alt-5,5-(2,5-di(thien-2-yl)thieno [3,2-b]thiophene)]",DPP-DTT,501.0,110.0,4.55,,C2H3-(C8H17)(C10H21),1.0,,,,,,,7964.0,chlorobenzene,5.0,1.0,,,,,,,,,,,8,n-doped Si,SiO2,300.0,,,Au,,BGBC,50.0,1400.0,11.0,4.0,OTS-18,3,spin,,,,,,,,air,,4.0,160.0,0.5,air,100.0,,18.4,3.43,,,,377.0,9.0,,1.2,,25.0,60.0,,,saturation,nitrogen,,-40.0,"[-40,20]",
32,29,4,literature,journal_article,10.1038/srep00754 ,,,14,5,"poly[2,5-(2-octyldodecyl)-3,6-diketopyrrolopyrrole-alt-5,5-(2,5-di(thien-2-yl)thieno [3,2-b]thiophene)]",DPP-DTT,501.0,110.0,4.55,,C2H3-(C8H17)(C10H21),1.0,,,,,,,7964.0,chlorobenzene,5.0,1.0,,,,,,,,,,,5,n-doped Si,SiO2,200.0,,,Au,,BGTC,125.0,4000.0,17.25,3.0,OTS-8,4,blade,,,,,,,,air,,5.0,160.0,,inert,100.0,,18.4,3.43,,,,,4.4,,0.9,,0.0,,5500000.0,,saturation,air,1.1,-60.0,"[-60,10]",
33,30,4,literature,journal_article,10.1038/srep00754 ,,,14,5,"poly[2,5-(2-octyldodecyl)-3,6-diketopyrrolopyrrole-alt-5,5-(2,5-di(thien-2-yl)thieno [3,2-b]thiophene)]",DPP-DTT,501.0,110.0,4.55,,C2H3-(C8H17)(C10H21),1.0,,,,,,,7964.0,chlorobenzene,5.0,1.0,,,,,,,,,,,9,n-doped Si,SiO2,200.0,,,Au,,BGTC,125.0,1400.0,17.25,3.0,OTS-8,5,inkjet,,,,,,,,air,,5.0,160.0,,inert,100.0,,18.4,3.43,,,,,2.65,,1.1,,0.0,,550000.0,,saturation,air,1.1,-60.0,"[-60,10]",
34,31,4,literature,journal_article,10.1038/srep00754 ,,,14,5,"poly[2,5-(2-octyldodecyl)-3,6-diketopyrrolopyrrole-alt-5,5-(2,5-di(thien-2-yl)thieno [3,2-b]thiophene)]",DPP-DTT,501.0,110.0,4.55,,C2H3-(C8H17)(C10H21),1.0,,,,,,,7964.0,chlorobenzene,5.0,1.0,,,,,,,,,,,10,PET,PAN,800.0,PMSQ,50.0,Au,,BGBC,70.0,7000.0,11.5,4.0,OTS-18,3,spin,,,,,,,,air,,4.0,160.0,0.5,air,100.0,,18.4,3.43,,,,,3.5,,1.8,,-2.0,,50000000.0,,saturation,air,1.65,-60.0,"[-40,5]",
35,32,5,literature,journal_article,10.1038/srep24476 ,,,15,6,"poly[2,5-(2-octyldodecyl)-3,6-diketopyrrolopyrrole-alt-5,5-(2,5-di(thien-2-yl)thieno [3,2-b]thiophene)]",DPP-DTT,199.0,55.0,3.62,,C2H3-(C8H17)(C10H21),1.0,,,,,,,7239.0,"1,2-dichlorobenzene",4.0,1.0,,,,,,,,,,,11,n-doped Si,SiO2,350.0,,,Au,,BGTC,80.0,1500.0,11.5,4.0,OTS-18,6,spin,1500.0,150.0,,,,,,air,,6.0,25.0,1.0,air,50.0,,,3.65,,,,,1.16,,,,9.7,,200000.0,,saturation,air,,,"[-60,20]",
36,33,5,literature,journal_article,10.1038/srep24476 ,,,16,6,"poly[2,5-(2-octyldodecyl)-3,6-diketopyrrolopyrrole-alt-5,5-(2,5-di(thien-2-yl)thieno [3,2-b]thiophene)]",DPP-DTT,199.0,55.0,3.62,,C2H3-(C8H17)(C10H21),0.8,97.0,poly(styrene),PS,2.2,1.01,0.2,7239.0,"1,2-dichlorobenzene",4.0,1.0,,,,,,,,,,,11,n-doped Si,SiO2,350.0,,,Au,,BGTC,80.0,1500.0,11.5,4.0,OTS-18,6,spin,1500.0,150.0,,,,,,air,,6.0,25.0,1.0,air,,,,,,,,,3.39,,,,6.4,,2000000.0,,saturation,air,,,"[-60,20]",
37,34,5,literature,journal_article,10.1038/srep24476 ,,,17,6,"poly[2,5-(2-octyldodecyl)-3,6-diketopyrrolopyrrole-alt-5,5-(2,5-di(thien-2-yl)thieno [3,2-b]thiophene)]",DPP-DTT,199.0,55.0,3.62,,C2H3-(C8H17)(C10H21),0.6,97.0,poly(styrene),PS,2.2,1.01,0.4,7239.0,"1,2-dichlorobenzene",4.0,1.0,,,,,,,,,,,11,n-doped Si,SiO2,350.0,,,Au,,BGTC,80.0,1500.0,11.5,4.0,OTS-18,6,spin,1500.0,150.0,,,,,,air,,6.0,25.0,1.0,air,50.0,,,,,,,,5.8,,,,6.3,,3000000.0,,saturation,air,,,"[-60,20]",
38,35,5,literature,journal_article,10.1038/srep24476 ,,,18,6,"poly[2,5-(2-octyldodecyl)-3,6-diketopyrrolopyrrole-alt-5,5-(2,5-di(thien-2-yl)thieno [3,2-b]thiophene)]",DPP-DTT,199.0,55.0,3.62,,C2H3-(C8H17)(C10H21),0.4,97.0,poly(styrene),PS,2.2,1.01,0.6,7239.0,"1,2-dichlorobenzene",4.0,1.0,,,,,,,,,,,11,n-doped Si,SiO2,350.0,,,Au,,BGTC,80.0,1500.0,11.5,4.0,OTS-18,6,spin,1500.0,150.0,,,,,,air,,6.0,25.0,1.0,air,,,,,,,,,6.76,,,,1.7,,10000000.0,,saturation,air,,,"[-60,20]",
39,36,5,literature,journal_article,10.1038/srep24476 ,,,19,6,"poly[2,5-(2-octyldodecyl)-3,6-diketopyrrolopyrrole-alt-5,5-(2,5-di(thien-2-yl)thieno [3,2-b]thiophene)]",DPP-DTT,199.0,55.0,3.62,,C2H3-(C8H17)(C10H21),0.2,97.0,poly(styrene),PS,2.2,1.01,0.8,7239.0,"1,2-dichlorobenzene",4.0,1.0,,,,,,,,,,,11,n-doped Si,SiO2,350.0,,,Au,,BGTC,80.0,1500.0,11.5,4.0,OTS-18,6,spin,1500.0,150.0,,,,,,air,,6.0,25.0,1.0,air,,,,,,,,,2.57,,,,4.6,,10000000.0,,saturation,air,,,"[-60,20]",
40,37,5,literature,journal_article,10.1038/srep24476 ,,,20,6,"poly[2,5-(2-octyldodecyl)-3,6-diketopyrrolopyrrole-alt-5,5-(2,5-di(thien-2-yl)thieno [3,2-b]thiophene)]",DPP-DTT,199.0,55.0,3.62,,C2H3-(C8H17)(C10H21),0.4,98.0,poly(styrene),PS,19.7,1.03,0.6,7239.0,"1,2-dichlorobenzene",4.0,1.0,,,,,,,,,,,11,n-doped Si,SiO2,350.0,,,Au,,BGTC,80.0,1500.0,11.5,4.0,OTS-18,6,spin,1500.0,150.0,,,,,,air,,6.0,25.0,1.0,air,,,,,,,,,6.0,,,,,,,,saturation,air,,,"[-60,20]",
41,38,5,literature,journal_article,10.1038/srep24476 ,,,21,6,"poly[2,5-(2-octyldodecyl)-3,6-diketopyrrolopyrrole-alt-5,5-(2,5-di(thien-2-yl)thieno [3,2-b]thiophene)]",DPP-DTT,199.0,55.0,3.62,,C2H3-(C8H17)(C10H21),0.4,99.0,poly(styrene),PS,97.1,1.03,0.6,7239.0,"1,2-dichlorobenzene",4.0,1.0,,,,,,,,,,,11,n-doped Si,SiO2,350.0,,,Au,,BGTC,80.0,1500.0,11.5,4.0,OTS-18,6,spin,1500.0,150.0,,,,,,air,,6.0,25.0,1.0,air,,,,,,,,,5.0,,,,,,,,saturation,air,,,"[-60,20]",
42,39,5,literature,journal_article,10.1038/srep24476 ,,,22,6,"poly[2,5-(2-octyldodecyl)-3,6-diketopyrrolopyrrole-alt-5,5-(2,5-di(thien-2-yl)thieno [3,2-b]thiophene)]",DPP-DTT,199.0,55.0,3.62,,C2H3-(C8H17)(C10H21),0.4,100.0,poly(styrene),PS,301.6,1.04,0.6,7239.0,"1,2-dichlorobenzene",4.0,1.0,,,,,,,,,,,11,n-doped Si,SiO2,350.0,,,Au,,BGTC,80.0,1500.0,11.5,4.0,OTS-18,6,spin,1500.0,150.0,,,,,,air,,6.0,25.0,1.0,air,,,,,,,,,4.0,,,,,,,,saturation,air,,,"[-60,20]",
43,40,6,literature,journal_article,10.1016/j.cplett.2020.137507 ,,,23,3,"poly[2,5-(2-octyldodecyl)-3,6-diketopyrrolopyrrole-alt-5,5-(2,5-di(thien-2-yl)thieno [3,2-b]thiophene)]",DPP-DTT,91.0,29.0,3.14,,C2H3-(C8H17)(C10H21),1.0,,,,,,,6212.0,chloroform,6.5,1.0,,,,,,,,,,,12,n-doped Si,Si3N4,,,,Au,,BGBC,120.0,3000.0,15.0,,,7,spin,1000.0,120.0,,,,,,air,,1.0,,,inert,50.0,,,,,,,,0.0003,,,,,,,,saturation,air,,-60.0,"[-80,0]",
44,41,6,literature,journal_article,10.1016/j.cplett.2020.137507 ,,,23,3,"poly[2,5-(2-octyldodecyl)-3,6-diketopyrrolopyrrole-alt-5,5-(2,5-di(thien-2-yl)thieno [3,2-b]thiophene)]",DPP-DTT,91.0,29.0,3.14,,C2H3-(C8H17)(C10H21),1.0,,,,,,,6212.0,chloroform,6.5,1.0,,,,,,,,,,,12,n-doped Si,Si3N4,,,,Au,,BGBC,120.0,3000.0,15.0,,,7,spin,1000.0,120.0,,,,,,air,,7.0,65.0,,inert,50.0,,,,,,,,0.00085,,,,,,,,saturation,air,,-60.0,"[-80,0]",
45,42,6,literature,journal_article,10.1016/j.cplett.2020.137507 ,,,23,3,"poly[2,5-(2-octyldodecyl)-3,6-diketopyrrolopyrrole-alt-5,5-(2,5-di(thien-2-yl)thieno [3,2-b]thiophene)]",DPP-DTT,91.0,29.0,3.14,,C2H3-(C8H17)(C10H21),1.0,,,,,,,6212.0,chloroform,6.5,1.0,,,,,,,,,,,12,n-doped Si,Si3N4,,,,Au,,BGBC,120.0,3000.0,15.0,,,7,spin,1000.0,120.0,,,,,,air,,8.0,100.0,,inert,50.0,,,,,,,,0.0035,,,,,,,,saturation,air,,-60.0,"[-80,0]",
46,43,6,literature,journal_article,10.1016/j.cplett.2020.137507 ,,,23,3,"poly[2,5-(2-octyldodecyl)-3,6-diketopyrrolopyrrole-alt-5,5-(2,5-di(thien-2-yl)thieno [3,2-b]thiophene)]",DPP-DTT,91.0,29.0,3.14,,C2H3-(C8H17)(C10H21),1.0,,,,,,,6212.0,chloroform,6.5,1.0,,,,,,,,,,,12,n-doped Si,Si3N4,,,,Au,,BGBC,120.0,3000.0,15.0,,,7,spin,1000.0,120.0,,,,,,air,,9.0,150.0,,inert,50.0,,,,,,,,0.00057,,,,,,,,saturation,air,,-60.0,"[-80,0]",
47,40,6,literature,journal_article,10.1016/j.cplett.2020.137507 ,,,23,3,"poly[2,5-(2-octyldodecyl)-3,6-diketopyrrolopyrrole-alt-5,5-(2,5-di(thien-2-yl)thieno [3,2-b]thiophene)]",DPP-DTT,91.0,29.0,3.14,,C2H3-(C8H17)(C10H21),1.0,,,,,,,6212.0,chloroform,6.5,1.0,,,,,,,,,,,12,n-doped Si,Si3N4,,,,Au,,BGBC,120.0,3000.0,15.0,,,7,spin,1000.0,120.0,,,,,,air,,1.0,,,inert,50.0,,,,,,,,9.5e-05,,,,,,,,linear,air,,-10.0,"[-80,0]",
48,41,6,literature,journal_article,10.1016/j.cplett.2020.137507 ,,,23,3,"poly[2,5-(2-octyldodecyl)-3,6-diketopyrrolopyrrole-alt-5,5-(2,5-di(thien-2-yl)thieno [3,2-b]thiophene)]",DPP-DTT,91.0,29.0,3.14,,C2H3-(C8H17)(C10H21),1.0,,,,,,,6212.0,chloroform,6.5,1.0,,,,,,,,,,,12,n-doped Si,Si3N4,,,,Au,,BGBC,120.0,3000.0,15.0,,,7,spin,1000.0,120.0,,,,,,air,,7.0,65.0,,inert,50.0,,,,,,,,0.0002,,,,,,,,linear,air,,-10.0,"[-80,0]",
49,42,6,literature,journal_article,10.1016/j.cplett.2020.137507 ,,,23,3,"poly[2,5-(2-octyldodecyl)-3,6-diketopyrrolopyrrole-alt-5,5-(2,5-di(thien-2-yl)thieno [3,2-b]thiophene)]",DPP-DTT,91.0,29.0,3.14,,C2H3-(C8H17)(C10H21),1.0,,,,,,,6212.0,chloroform,6.5,1.0,,,,,,,,,,,12,n-doped Si,Si3N4,,,,Au,,BGBC,120.0,3000.0,15.0,,,7,spin,1000.0,120.0,,,,,,air,,8.0,100.0,,inert,50.0,,,,,,,,0.00102,,,,,,,,linear,air,,-10.0,"[-80,0]",
50,43,6,literature,journal_article,10.1016/j.cplett.2020.137507 ,,,23,3,"poly[2,5-(2-octyldodecyl)-3,6-diketopyrrolopyrrole-alt-5,5-(2,5-di(thien-2-yl)thieno [3,2-b]thiophene)]",DPP-DTT,91.0,29.0,3.14,,C2H3-(C8H17)(C10H21),1.0,,,,,,,6212.0,chloroform,6.5,1.0,,,,,,,,,,,12,n-doped Si,Si3N4,,,,Au,,BGBC,120.0,3000.0,15.0,,,7,spin,1000.0,120.0,,,,,,air,,9.0,150.0,,inert,50.0,,,,,,,,0.000365,,,,,,,,linear,air,,-10.0,"[-80,0]",
51,44,7,literature,journal_article,10.1021/acs.chemmater.0c02199 ,,,24,7,"poly[2,5-(2-octyldodecyl)-3,6-diketopyrrolopyrrole-alt-5,5-(2,5-di(thien-2-yl)thieno [3,2-b]thiophene)]",DPP-DTT,290.0,143.0,2.03,,C2H3-(C8H17)(C10H21),1.0,,,,,,,7239.0,"1,2-dichlorobenzene",3.0,1.0,,,,,,,,,,,13,n-doped Si,SiO2,220.0,,,Ag,,BGTC,30.0,1000.0,7.3,4.0,OTS-18,8,spin,2000.0,240.0,,,,,,air,,6.0,25.0,1.0,air,16.0,,21.82,,10.5,,0.457,,0.0484,0.02,0.104,0.024,-15.5,14.0,,,saturation,nitrogen,,-30.0,"[-30,0]",
52,45,7,literature,journal_article,10.1021/acs.chemmater.0c02199 ,,,24,7,"poly[2,5-(2-octyldodecyl)-3,6-diketopyrrolopyrrole-alt-5,5-(2,5-di(thien-2-yl)thieno [3,2-b]thiophene)]",DPP-DTT,290.0,143.0,2.03,,C2H3-(C8H17)(C10H21),1.0,,,,,,,7239.0,"1,2-dichlorobenzene",3.0,1.0,,,,,,,,,,,13,n-doped Si,SiO2,220.0,,,Ag,,BGTC,30.0,1000.0,7.3,4.0,OTS-18,9,spin,800.0,240.0,,,,,,air,,6.0,25.0,1.0,air,30.0,,,,,,0.5,,0.1812,0.03,0.0716,0.02,-13.0,15.2,,,saturation,nitrogen,,-30.0,"[-30,0]",
53,46,7,literature,journal_article,10.1021/acs.chemmater.0c02199 ,,,25,7,"poly[2,5-(2-octyldodecyl)-3,6-diketopyrrolopyrrole-alt-5,5-(2,5-di(thien-2-yl)thieno [3,2-b]thiophene)]",DPP-DTT,290.0,143.0,2.03,,C2H3-(C8H17)(C10H21),1.0,,,,,,,7239.0,"1,2-dichlorobenzene",7.0,1.0,,,,,,,,,,,13,n-doped Si,SiO2,220.0,,,Ag,,BGTC,30.0,1000.0,7.3,4.0,OTS-18,8,spin,2000.0,240.0,,,,,,air,,6.0,25.0,1.0,air,60.0,,21.23,,10.9,,0.82,,0.0901,0.013,0.0206,0.013,-12.4,14.07,,,saturation,nitrogen,,-30.0,"[-30,0]",
54,47,7,literature,journal_article,10.1021/acs.chemmater.0c02199 ,,,25,7,"poly[2,5-(2-octyldodecyl)-3,6-diketopyrrolopyrrole-alt-5,5-(2,5-di(thien-2-yl)thieno [3,2-b]thiophene)]",DPP-DTT,290.0,143.0,2.03,,C2H3-(C8H17)(C10H21),1.0,,,,,,,7239.0,"1,2-dichlorobenzene",7.0,1.0,,,,,,,,,,,13,n-doped Si,SiO2,220.0,,,Ag,,BGTC,30.0,1000.0,7.3,4.0,OTS-18,9,spin,800.0,240.0,,,,,,air,,6.0,25.0,1.0,air,100.0,,21.23,3.7,11.0,,0.9,,0.0641,0.012,0.0099,0.003,-12.9,15.0,,,saturation,nitrogen,,-30.0,"[-30,0]",
55,48,8,literature,journal_article,10.1016/j.spmi.2018.12.022 ,,,26,8,"poly[2,5-(2-octyldodecyl)-3,6-diketopyrrolopyrrole-alt-5,5-(2,5-di(thien-2-yl)thieno [3,2-b]thiophene)]",DPP-DTT,100.0,67.0,3.0,,C2H3-(C8H17)(C10H21),1.0,,,,,,,6212.0,chloroform,6.5,1.0,,,,,,,,,,,14,n-doped Si,Si3N4,400.0,PMMA,,Au,MoO3,BGTC,120.0,3000.0,10.0,,,10,spin,1000.0,60.0,,,,,,air,,10.0,100.0,0.33,inert,,,,,,,,,0.2,0.02,,,-15.0,,10000000.0,,saturation,air,,-80.0,"[-100,0]",
56,49,9,literature,journal_article,10.1039/c8sm02517g ,,,27,9,"poly[2,5-(2-octyldodecyl)-3,6-diketopyrrolopyrrole-alt-5,5-(2,5-di(thien-2-yl)thieno [3,2-b]thiophene)]",DPP-DTT,279.0,77.0,3.65,,C2H3-(C8H17)(C10H21),1.0,,,,,,,6212.0,chloroform,1.6,1.0,,,,,,,,,,,15,n-doped Si,SiO2,200.0,,,Au,Cr,BGBC,100.0,1000.0,,11.0,DTS,11,spin,1500.0,30.0,,,,,,air,,11.0,25.0,,inert,,,,,,,,,0.09,0.05,,,,,100.0,,saturation,nitrogen,,,"[-20,10]",
57,50,9,literature,journal_article,10.1039/c8sm02517g ,,,27,9,"poly[2,5-(2-octyldodecyl)-3,6-diketopyrrolopyrrole-alt-5,5-(2,5-di(thien-2-yl)thieno [3,2-b]thiophene)]",DPP-DTT,279.0,77.0,3.65,,C2H3-(C8H17)(C10H21),1.0,,,,,,,6212.0,chloroform,1.6,1.0,,,,1.0,poor_solvent,887.0,methanol,0.15,,,15,n-doped Si,SiO2,200.0,,,Au,Cr,BGBC,100.0,1000.0,,11.0,DTS,11,spin,1500.0,30.0,,,,,,air,,11.0,25.0,,inert,,,,,,,,,0.14,0.01,,,,,1000.0,,saturation,nitrogen,,,"[-20,10]",
58,51,10,literature,journal_article,10.1002/adfm.201909787,,,28,10,"poly[2,5-(2-octyldodecyl)-3,6-diketopyrrolopyrrole-alt-5,5-(2,5-di(thien-2-yl)thieno [3,2-b]thiophene)]",DPP-DTT,102.0,43.0,2.0,,C4H7-(C10H21)2,1.0,,,,,,,6212.0,chloroform,0.5,1.0,,,,,,,,,,,16,n-doped Si,SiO2,300.0,,,Ag,MoO3,BGTC,40.0,800.0,11.0,4.0,OTS-18,12,blade,,,100.0,0.5,8.0,,parallel,air,25.0,12.0,25.0,,,3.5,,,,,,,,0.00015,6.75e-05,,,-35.0,,100.0,,saturation,nitrogen,,,"[-100,20]",
59,52,10,literature,journal_article,10.1002/adfm.201909787,,,29,10,"poly[2,5-(2-octyldodecyl)-3,6-diketopyrrolopyrrole-alt-5,5-(2,5-di(thien-2-yl)thieno [3,2-b]thiophene)]",DPP-DTT,102.0,43.0,2.0,,C4H7-(C10H21)2,1.0,,,,,,,6212.0,chloroform,0.75,1.0,,,,,,,,,,,16,n-doped Si,SiO2,300.0,,,Ag,MoO3,BGTC,40.0,800.0,11.0,4.0,OTS-18,12,blade,,,100.0,0.5,8.0,,parallel,air,25.0,12.0,25.0,,,7.5,,,,,,,,0.02,0.01496,,,-25.0,,1000.0,,saturation,nitrogen,,,"[-100,20]",
60,53,10,literature,journal_article,10.1002/adfm.201909787,,,30,10,"poly[2,5-(2-octyldodecyl)-3,6-diketopyrrolopyrrole-alt-5,5-(2,5-di(thien-2-yl)thieno [3,2-b]thiophene)]",DPP-DTT,102.0,43.0,2.0,,C4H7-(C10H21)2,1.0,,,,,,,6212.0,chloroform,1.0,1.0,,,,,,,,,,,16,n-doped Si,SiO2,300.0,,,Ag,MoO3,BGTC,40.0,800.0,11.0,4.0,OTS-18,12,blade,,,100.0,0.5,8.0,,parallel,air,25.0,12.0,25.0,,,13.0,,,,,,,,0.06,0.0125,,,-22.5,,10000.0,,saturation,nitrogen,,,"[-100,20]",
61,54,10,literature,journal_article,10.1002/adfm.201909787,,,31,10,"poly[2,5-(2-octyldodecyl)-3,6-diketopyrrolopyrrole-alt-5,5-(2,5-di(thien-2-yl)thieno [3,2-b]thiophene)]",DPP-DTT,102.0,43.0,2.0,,C4H7-(C10H21)2,1.0,,,,,,,6212.0,chloroform,2.0,1.0,,,,,,,,,,,16,n-doped Si,SiO2,300.0,,,Ag,MoO3,BGTC,40.0,800.0,11.0,4.0,OTS-18,12,blade,,,100.0,0.5,8.0,,parallel,air,25.0,12.0,25.0,,,27.0,,,,,,,,0.15,0.075,,,-15.0,,1000000.0,,saturation,nitrogen,,,"[-100,20]",
62,55,10,literature,journal_article,10.1002/adfm.201909787,,,32,10,"poly[2,5-(2-octyldodecyl)-3,6-diketopyrrolopyrrole-alt-5,5-(2,5-di(thien-2-yl)thieno [3,2-b]thiophene)]",DPP-DTT,102.0,43.0,2.0,,C4H7-(C10H21)2,1.0,,,,,,,6212.0,chloroform,5.0,1.0,,,,,,,,,,,16,n-doped Si,SiO2,300.0,,,Ag,MoO3,BGTC,40.0,800.0,11.0,4.0,OTS-18,12,blade,,,100.0,0.5,8.0,,parallel,air,25.0,12.0,25.0,,,42.0,,,,,,,,0.45,0.1,,,-5.0,,100000.0,,saturation,nitrogen,,,"[-100,20]",
63,56,10,literature,journal_article,10.1002/adfm.201909787,,,28,10,"poly[2,5-(2-octyldodecyl)-3,6-diketopyrrolopyrrole-alt-5,5-(2,5-di(thien-2-yl)thieno [3,2-b]thiophene)]",DPP-DTT,102.0,43.0,2.0,,C4H7-(C10H21)2,1.0,,,,,,,6212.0,chloroform,0.5,1.0,,,,,,,,,,,16,n-doped Si,SiO2,300.0,,,Ag,MoO3,BGTC,40.0,800.0,11.0,4.0,OTS-18,13,blade,,,100.0,0.5,8.0,,perpendicular,air,25.0,12.0,25.0,,,3.5,,,,,,,,0.00045,0.0002,,,-35.0,,100.0,,saturation,nitrogen,,,"[-100,20]",
64,57,10,literature,journal_article,10.1002/adfm.201909787,,,29,10,"poly[2,5-(2-octyldodecyl)-3,6-diketopyrrolopyrrole-alt-5,5-(2,5-di(thien-2-yl)thieno [3,2-b]thiophene)]",DPP-DTT,102.0,43.0,2.0,,C4H7-(C10H21)2,1.0,,,,,,,6212.0,chloroform,0.75,1.0,,,,,,,,,,,16,n-doped Si,SiO2,300.0,,,Ag,MoO3,BGTC,40.0,800.0,11.0,4.0,OTS-18,13,blade,,,100.0,0.5,8.0,,perpendicular,air,25.0,12.0,25.0,,,7.5,,,,,,,,0.45,0.0496,,,-25.0,,1000.0,,saturation,nitrogen,,,"[-100,20]",
65,58,10,literature,journal_article,10.1002/adfm.201909787,,,30,10,"poly[2,5-(2-octyldodecyl)-3,6-diketopyrrolopyrrole-alt-5,5-(2,5-di(thien-2-yl)thieno [3,2-b]thiophene)]",DPP-DTT,102.0,43.0,2.0,,C4H7-(C10H21)2,1.0,,,,,,,6212.0,chloroform,1.0,1.0,,,,,,,,,,,16,n-doped Si,SiO2,300.0,,,Ag,MoO3,BGTC,40.0,800.0,11.0,4.0,OTS-18,13,blade,,,100.0,0.5,8.0,,perpendicular,air,25.0,12.0,25.0,,,13.0,,,,,,,,0.2,0.075,,,-22.5,,10000.0,,saturation,nitrogen,,,"[-100,20]",
66,59,10,literature,journal_article,10.1002/adfm.201909787,,,31,10,"poly[2,5-(2-octyldodecyl)-3,6-diketopyrrolopyrrole-alt-5,5-(2,5-di(thien-2-yl)thieno [3,2-b]thiophene)]",DPP-DTT,102.0,43.0,2.0,,C4H7-(C10H21)2,1.0,,,,,,,6212.0,chloroform,2.0,1.0,,,,,,,,,,,16,n-doped Si,SiO2,300.0,,,Ag,MoO3,BGTC,40.0,800.0,11.0,4.0,OTS-18,13,blade,,,100.0,0.5,8.0,,perpendicular,air,25.0,12.0,25.0,,,27.0,,,,,,,,0.8,0.1,,,-15.0,,1000000.0,,saturation,nitrogen,,,"[-100,20]",
67,60,10,literature,journal_article,10.1002/adfm.201909787,,,32,10,"poly[2,5-(2-octyldodecyl)-3,6-diketopyrrolopyrrole-alt-5,5-(2,5-di(thien-2-yl)thieno [3,2-b]thiophene)]",DPP-DTT,102.0,43.0,2.0,,C4H7-(C10H21)2,1.0,,,,,,,6212.0,chloroform,5.0,1.0,,,,,,,,,,,16,n-doped Si,SiO2,300.0,,,Ag,MoO3,BGTC,40.0,800.0,11.0,4.0,OTS-18,13,blade,,,100.0,0.5,8.0,,perpendicular,air,25.0,12.0,25.0,,,42.0,,,,,,,,0.5,0.15,,,-5.0,,100000.0,,saturation,nitrogen,,,"[-100,20]",
68,61,11,literature,journal_article,10.1063/1.5135977 ,,,33,11,"poly[2,5-(2-octyldodecyl)-3,6-diketopyrrolopyrrole-alt-5,5-(2,5-di(thien-2-yl)thieno [3,2-b]thiophene)]",DPP-DTT,250.0,,,,C2H3-(C8H17)(C10H21),1.0,,,,,,,7239.0,"1,2-dichlorobenzene",2.0,1.0,,,,,,,,,,,17,glass,6FDA-DABC,143.0,,,Au,,BGTC,50.0,1000.0,0.196,,,14,spin,3000.0,60.0,,,,,,air,25.0,13.0,100.0,1.0,air,,,,,,,,,0.11,0.02,,,0.08,,282000.0,,saturation,air,0.81,-10.0,"[-10,5]",
69,62,11,literature,journal_article,10.1063/1.5135977 ,,,34,11,"poly[2,5-(2-octyldodecyl)-3,6-diketopyrrolopyrrole-alt-5,5-(2,5-di(thien-2-yl)thieno [3,2-b]thiophene)]",DPP-DTT,250.0,,,,C2H3-(C8H17)(C10H21),0.59,101.0,poly(styrene),PS,280.0,,0.41,7239.0,"1,2-dichlorobenzene",1.7,1.0,,,,,,,,,,,17,glass,6FDA-DABC,143.0,,,Au,,BGTC,50.0,1000.0,0.196,,,14,spin,3000.0,60.0,,,,,,air,25.0,13.0,100.0,1.0,air,,,,,,,,,0.3,0.02,,,-0.17,,446000.0,,saturation,air,0.59,-10.0,"[-10,5]",
70,63,12,literature,journal_article,10.1063/1.5135977,,,34,11,"poly[2,5-(2-octyldodecyl)-3,6-diketopyrrolopyrrole-alt-5,5-(2,5-di(thien-2-yl)thieno [3,2-b]thiophene)]",DPP-DTT,250.0,,,,C2H3-(C8H17)(C10H21),0.59,101.0,poly(styrene),PS,280.0,,0.41,7239.0,"1,2-dichlorobenzene",1.7,1.0,,,,,,,,,,,18,glass,6FDA-DABC,77.0,,,Au,,BGTC,50.0,1000.0,0.354,,,14,spin,3000.0,60.0,,,,,,air,25.0,14.0,25.0,1.0,inert,,,,,,,,,0.1,0.01,,,-0.8,,232000.0,,saturation,air,0.44,-5.0,"[-5,1]",Dielectric annealing temperature Is 25 C
71,64,12,literature,journal_article,10.1063/1.5135977,,,34,11,"poly[2,5-(2-octyldodecyl)-3,6-diketopyrrolopyrrole-alt-5,5-(2,5-di(thien-2-yl)thieno [3,2-b]thiophene)]",DPP-DTT,250.0,,,,C2H3-(C8H17)(C10H21),0.59,101.0,poly(styrene),PS,280.0,,0.41,7239.0,"1,2-dichlorobenzene",1.7,1.0,,,,,,,,,,,18,glass,6FDA-DABC,77.0,,,Au,,BGTC,50.0,1000.0,0.354,,,14,spin,3000.0,60.0,,,,,,air,25.0,13.0,100.0,1.0,air,,,,,,,,,0.11,0.01,,,-0.8,,163000.0,,saturation,air,0.64,-5.0,"[-5,1]",Dielectric annealing temperature Is 100 C
72,63,12,literature,journal_article,10.1063/1.5135977,,,34,11,"poly[2,5-(2-octyldodecyl)-3,6-diketopyrrolopyrrole-alt-5,5-(2,5-di(thien-2-yl)thieno [3,2-b]thiophene)]",DPP-DTT,250.0,,,,C2H3-(C8H17)(C10H21),0.59,101.0,poly(styrene),PS,280.0,,0.41,7239.0,"1,2-dichlorobenzene",1.7,1.0,,,,,,,,,,,18,glass,6FDA-DABC,77.0,,,Au,,BGTC,50.0,1000.0,0.354,,,14,spin,3000.0,60.0,,,,,,air,25.0,14.0,25.0,1.0,inert,,,,,,,,,0.02,,,,-0.54,,17300.0,,linear,air,0.15,-0.5,"[-5,1]",Dielectric annealing temperature Is 25 C
73,64,12,literature,journal_article,10.1063/1.5135977,,,34,11,"poly[2,5-(2-octyldodecyl)-3,6-diketopyrrolopyrrole-alt-5,5-(2,5-di(thien-2-yl)thieno [3,2-b]thiophene)]",DPP-DTT,250.0,,,,C2H3-(C8H17)(C10H21),0.59,101.0,poly(styrene),PS,280.0,,0.41,7239.0,"1,2-dichlorobenzene",1.7,1.0,,,,,,,,,,,18,glass,6FDA-DABC,77.0,,,Au,,BGTC,50.0,1000.0,0.354,,,14,spin,3000.0,60.0,,,,,,air,25.0,13.0,100.0,1.0,air,,,,,,,,,0.02,,,,-0.54,,17300.0,,linear,air,0.15,-0.5,"[-5,1]",Dielectric annealing temperature Is 100 C
74,65,13,literature,journal_article,10.1039/c5tc02133b ,,,35,12,"poly[2,5-(2-octyldodecyl)-3,6-diketopyrrolopyrrole-alt-5,5-(2,5-di(thien-2-yl)thieno [3,2-b]thiophene)]",DPP-DTT,350.0,125.0,2.8,,C2H3-(C8H17)(C10H21),1.0,,,,,,,6212.0,chloroform,4.0,0.9299999999999999,7239.0,"1,2-dichlorobenzene",0.07,,,,,,,,19,n-doped Si,Si3N4,400.0,PMMA,150.0,Au,,BGTC,,,,,,15,spin,1000.0,60.0,,,,,,,,,,,,100.0,,19.73,3.8,10.9,3.4,,,2.0,,1.0,,,,,,saturation,nitrogen,,-100.0,"[-100,100]",
75,66,13,literature,journal_article,10.1039/c5tc02133b ,,,36,12,"poly[2,5-(2-octyldodecyl)-3,6-diketopyrrolopyrrole-alt-5,5-(2,5-di(thien-2-yl)thieno [3,2-b]thiophene)]",DPP-DTT,350.0,125.0,2.8,,C2H3-(C8H17)(C10H21),1.0,,,,,,,6212.0,chloroform,4.0,1.0,,,,,,,,,,,19,n-doped Si,Si3N4,400.0,PMMA,150.0,Au,,BGTC,,,,,,15,spin,1000.0,60.0,,,,,,,,,,,,100.0,,19.53,3.88,4.65,4.0,,,1.0,,0.35,,,,,,saturation,nitrogen,,-100.0,"[-100,100]",
76,67,13,literature,journal_article,10.1039/c5tc02133b ,,,37,13,"poly[2,5-(2-octyldodecyl)-3,6-diketopyrrolopyrrole-alt-5,5-(2,5-di(thien-2-yl)thieno [3,2-b]thiophene)]",DPP-DTT,50.0,20.0,2.5,,C2H3-(C8H17)(C10H21),1.0,,,,,,,6212.0,chloroform,4.0,0.9299999999999999,7239.0,"1,2-dichlorobenzene",0.07,,,,,,,,19,n-doped Si,Si3N4,400.0,PMMA,150.0,Au,,BGTC,,,,,,15,spin,1000.0,60.0,,,,,,,,,,,,100.0,,19.57,3.88,10.7,4.8,,,0.1,,0.01,,,,,,saturation,nitrogen,,-100.0,"[-100,100]",
77,68,13,literature,journal_article,10.1039/c5tc02133b ,,,38,12,"poly[2,5-(2-octyldodecyl)-3,6-diketopyrrolopyrrole-alt-5,5-(2,5-di(thien-2-yl)thieno [3,2-b]thiophene)]",DPP-DTT,350.0,125.0,2.8,,C2H3-(C8H17)(C10H21),0.25,102.0,phenyl-C70-butyric acid methyl ester,PC70BM,,,0.75,6212.0,chloroform,4.0,0.9299999999999999,7239.0,"1,2-dichlorobenzene",0.07,,,,,,,,19,n-doped Si,Si3N4,400.0,PMMA,150.0,Au,,BGTC,,,,,,15,spin,1000.0,60.0,,,,,,,,,,,,,,18.76,,5.88,,,,0.1,,0.0,,,,,,saturation,nitrogen,,-100.0,"[-100,100]",
78,69,13,literature,journal_article,10.1039/c5tc02133b ,,,39,13,"poly[2,5-(2-octyldodecyl)-3,6-diketopyrrolopyrrole-alt-5,5-(2,5-di(thien-2-yl)thieno [3,2-b]thiophene)]",DPP-DTT,50.0,20.0,2.5,,C2H3-(C8H17)(C10H21),0.25,102.0,phenyl-C70-butyric acid methyl ester,PC70BM,,,0.75,6212.0,chloroform,4.0,0.9299999999999999,7239.0,"1,2-dichlorobenzene",0.07,,,,,,,,19,n-doped Si,Si3N4,400.0,PMMA,150.0,Au,,BGTC,,,,,,15,spin,1000.0,60.0,,,,,,,,,,,,,,19.44,3.91,13.8,5.8,,,0.01,,0.0,,,,,,saturation,nitrogen,,-100.0,"[-100,100]",
79,70,14,literature,journal_article,10.1039/c3nr03989g ,,,40,14,"poly[2,5-(2-octyldodecyl)-3,6-diketopyrrolopyrrole-alt-5,5-(2,5-di(thien-2-yl)thieno [3,2-b]thiophene)]",DPP-DTT,,106.0,,,C2H3-(C8H17)(C10H21),1.0,103.0,phenyl-C61-butyric acid methyl ester,PCBM,,,,,,10.0,1.0,,,,,,,,,,,20,n-doped Si,SiO2,300.0,,,Au,,BGBC,10.0,15000.0,10.5,4.0,OTS-18,3,spin,,,,,,,,air,,15.0,135.0,0.5,inert,,,,,,,,,0.14,,0.06,,,,100000.0,,saturation,,,-40.0,"[-20,40]",
80,71,14,literature,journal_article,10.1039/c3nr03989g ,,,41,14,"poly[2,5-(2-octyldodecyl)-3,6-diketopyrrolopyrrole-alt-5,5-(2,5-di(thien-2-yl)thieno [3,2-b]thiophene)]",DPP-DTT,,106.0,,,C2H3-(C8H17)(C10H21),0.5,103.0,phenyl-C61-butyric acid methyl ester,PCBM,,,0.5,,,10.0,1.0,,,,,,,,,,,20,n-doped Si,SiO2,300.0,,,Au,,BGBC,10.0,15000.0,10.5,4.0,OTS-18,3,spin,,,,,,,,air,,15.0,135.0,0.5,inert,,,,,,,,,0.3,,8e-06,,,,100000.0,,saturation,,,-40.0,"[-20,40]",
81,72,15,literature,journal_article,10.1021/acsami.8b03288 ,,,42,15,"poly[2,5-(2-octyldodecyl)-3,6-diketopyrrolopyrrole-alt-5,5-(2,5-di(thien-2-yl)thieno [3,2-b]thiophene)]",DPP-DTT,,,,,C2H3-(C8H17)(C10H21),1.0,,,,,,,6212.0,chloroform,5.0,1.0,,,,,,,,,,,21,glass,PVP,430.0,,,Au,,BGTC,50.0,1000.0,8.5,,,3,spin,,,,,,,,air,,16.0,200.0,1.0,inert,,,,,,,,,0.1,,0.0,,,,,,saturation,nitrogen,,-60.0,"[-60,20]",
82,73,15,literature,journal_article,10.1021/acsami.8b03288 ,,,42,15,"poly[2,5-(2-octyldodecyl)-3,6-diketopyrrolopyrrole-alt-5,5-(2,5-di(thien-2-yl)thieno [3,2-b]thiophene)]",DPP-DTT,,,,,C2H3-(C8H17)(C10H21),1.0,,,,,,,6212.0,chloroform,5.0,1.0,,,,,,,,,,,22,glass,Shellac,320.0,,,Au,,BGTC,50.0,1000.0,9.36,,,3,spin,,,,,,,,air,,16.0,200.0,1.0,inert,,,,,,,,,0.084,,0.24,,,,,,saturation,nitrogen,,-60.0,"[-60,60]",
83,74,16,literature,journal_article,10.1021/acsami.7b08133 ,,,43,16,"poly[2,5-(2-octyldodecyl)-3,6-diketopyrrolopyrrole-alt-5,5-(2,5-di(thien-2-yl)thieno [3,2-b]thiophene)]",DPP-DTT,104.0,20.0,5.2,,C4H7-(C10H21)2,1.0,,,,,,,6212.0,chloroform,5.0,1.0,,,,,,,,,,,23,n-doped Si,SiO2,300.0,,,Au,,BGTC,70.0,4500.0,11.0,4.0,OTS-18,16,blade,,,100.0,0.5,7.0,,parallel,,25.0,12.0,25.0,,,33.5,,,3.55,,,,,0.1,,,,,,,,saturation,nitrogen,,-100.0,"[-100,-10]",
84,75,16,literature,journal_article,10.1021/acsami.7b08133 ,,,44,16,"poly[2,5-(2-octyldodecyl)-3,6-diketopyrrolopyrrole-alt-5,5-(2,5-di(thien-2-yl)thieno [3,2-b]thiophene)]",DPP-DTT,104.0,20.0,5.2,,C4H7-(C10H21)2,1.0,,,,,,,6212.0,chloroform,7.0,1.0,,,,,,,,,,,23,n-doped Si,SiO2,300.0,,,Au,,BGTC,70.0,4500.0,11.0,4.0,OTS-18,16,blade,,,100.0,0.5,7.0,,parallel,,25.0,12.0,25.0,,,46.9,,,3.55,,,,,0.17,,,,,,,,saturation,nitrogen,,-100.0,"[-100,-10]",
85,76,16,literature,journal_article,10.1021/acsami.7b08133 ,,,45,16,"poly[2,5-(2-octyldodecyl)-3,6-diketopyrrolopyrrole-alt-5,5-(2,5-di(thien-2-yl)thieno [3,2-b]thiophene)]",DPP-DTT,104.0,20.0,5.2,,C4H7-(C10H21)2,1.0,,,,,,,6212.0,chloroform,8.5,1.0,,,,,,,,,,,23,n-doped Si,SiO2,300.0,,,Au,,BGTC,70.0,4500.0,11.0,4.0,OTS-18,16,blade,,,100.0,0.5,7.0,,parallel,,25.0,12.0,25.0,,,56.95,,,3.55,,,,,0.15,,,,,,,,saturation,nitrogen,,-100.0,"[-100,-10]",
86,77,17,literature,journal_article,10.1021/acsami.7b08133,,,46,16,"poly[2,5-(2-octyldodecyl)-3,6-diketopyrrolopyrrole-alt-5,5-(2,5-di(thien-2-yl)thieno [3,2-b]thiophene)]",DPP-DTT,104.0,20.0,5.2,,C4H7-(C10H21)2,1.0,,,,,,,6212.0,chloroform,10.0,1.0,,,,,,,,,,,23,n-doped Si,SiO2,300.0,,,Au,,BGTC,70.0,4500.0,11.0,4.0,OTS-18,16,blade,,,100.0,0.5,7.0,,parallel,,25.0,12.0,25.0,,,67.0,,,3.55,,,,,0.28,,,,,,,,saturation,nitrogen,,-100.0,"[-100,-10]",
87,78,17,literature,journal_article,10.1021/acsami.7b08133,,,47,16,"poly[2,5-(2-octyldodecyl)-3,6-diketopyrrolopyrrole-alt-5,5-(2,5-di(thien-2-yl)thieno [3,2-b]thiophene)]",DPP-DTT,104.0,20.0,5.2,,C4H7-(C10H21)2,1.0,,,,,,,6212.0,chloroform,12.0,1.0,,,,,,,,,,,23,n-doped Si,SiO2,300.0,,,Au,,BGTC,70.0,4500.0,11.0,4.0,OTS-18,16,blade,,,100.0,0.5,7.0,,parallel,,25.0,12.0,25.0,,,80.4,,,3.55,,,,,0.2,,,,,,,,saturation,nitrogen,,-100.0,"[-100,-10]",
88,79,17,literature,journal_article,10.1021/acsami.7b08133,,,48,16,"poly[2,5-(2-octyldodecyl)-3,6-diketopyrrolopyrrole-alt-5,5-(2,5-di(thien-2-yl)thieno [3,2-b]thiophene)]",DPP-DTT,104.0,20.0,5.2,,C4H7-(C10H21)2,1.0,,,,,,,6212.0,chloroform,14.0,1.0,,,,,,,,,,,23,n-doped Si,SiO2,300.0,,,Au,,BGTC,70.0,4500.0,11.0,4.0,OTS-18,16,blade,,,100.0,0.5,7.0,,parallel,,25.0,12.0,25.0,,,93.8,,,3.55,,,,,0.29,,,,,,,,saturation,nitrogen,,-100.0,"[-100,-10]",
89,80,17,literature,journal_article,10.1021/acsami.7b08133,,,49,16,"poly[2,5-(2-octyldodecyl)-3,6-diketopyrrolopyrrole-alt-5,5-(2,5-di(thien-2-yl)thieno [3,2-b]thiophene)]",DPP-DTT,104.0,20.0,5.2,,C4H7-(C10H21)2,1.0,,,,,,,6212.0,chloroform,16.0,1.0,,,,,,,,,,,23,n-doped Si,SiO2,300.0,,,Au,,BGTC,70.0,4500.0,11.0,4.0,OTS-18,16,blade,,,100.0,0.5,7.0,,parallel,,25.0,12.0,25.0,,,107.2,,,3.55,,,,,0.325,,,,,,,,saturation,nitrogen,,-100.0,"[-100,-10]",
90,81,17,literature,journal_article,10.1021/acsami.7b08133,,,50,16,"poly[2,5-(2-octyldodecyl)-3,6-diketopyrrolopyrrole-alt-5,5-(2,5-di(thien-2-yl)thieno [3,2-b]thiophene)]",DPP-DTT,104.0,20.0,5.2,,C4H7-(C10H21)2,1.0,,,,,,,6212.0,chloroform,18.0,1.0,,,,,,,,,,,23,n-doped Si,SiO2,300.0,,,Au,,BGTC,70.0,4500.0,11.0,4.0,OTS-18,16,blade,,,100.0,0.5,7.0,,parallel,,25.0,12.0,25.0,,,120.6,,,3.55,,,,,0.36,,,,,,,,saturation,nitrogen,,-100.0,"[-100,-10]",
91,82,17,literature,journal_article,10.1021/acsami.7b08133,,,51,16,"poly[2,5-(2-octyldodecyl)-3,6-diketopyrrolopyrrole-alt-5,5-(2,5-di(thien-2-yl)thieno [3,2-b]thiophene)]",DPP-DTT,104.0,20.0,5.2,,C4H7-(C10H21)2,1.0,,,,,,,6212.0,chloroform,25.0,1.0,,,,,,,,,,,23,n-doped Si,SiO2,300.0,,,Au,,BGTC,70.0,4500.0,11.0,4.0,OTS-18,16,blade,,,100.0,0.5,7.0,,parallel,,25.0,12.0,25.0,,,167.5,,,3.55,,,,,0.4,,,,,,,,saturation,nitrogen,,-100.0,"[-100,-10]",
92,83,17,literature,journal_article,10.1021/acsami.7b08133,,,43,16,"poly[2,5-(2-octyldodecyl)-3,6-diketopyrrolopyrrole-alt-5,5-(2,5-di(thien-2-yl)thieno [3,2-b]thiophene)]",DPP-DTT,104.0,20.0,5.2,,C4H7-(C10H21)2,1.0,,,,,,,6212.0,chloroform,5.0,1.0,,,,,,,,,,,23,n-doped Si,SiO2,300.0,,,Au,,BGTC,70.0,4500.0,11.0,4.0,OTS-18,17,blade,,,100.0,0.5,7.0,,perpendicular,,25.0,12.0,25.0,,,33.5,,,3.55,,,,,0.18,,,,,,,,saturation,nitrogen,,-100.0,"[-100,-10]",
93,84,17,literature,journal_article,10.1021/acsami.7b08133,,,44,16,"poly[2,5-(2-octyldodecyl)-3,6-diketopyrrolopyrrole-alt-5,5-(2,5-di(thien-2-yl)thieno [3,2-b]thiophene)]",DPP-DTT,104.0,20.0,5.2,,C4H7-(C10H21)2,1.0,,,,,,,6212.0,chloroform,7.0,1.0,,,,,,,,,,,23,n-doped Si,SiO2,300.0,,,Au,,BGTC,70.0,4500.0,11.0,4.0,OTS-18,17,blade,,,100.0,0.5,7.0,,perpendicular,,25.0,12.0,25.0,,,46.9,,,3.55,,,,,0.28,,,,,,,,saturation,nitrogen,,-100.0,"[-100,-10]",
94,85,17,literature,journal_article,10.1021/acsami.7b08133,,,45,16,"poly[2,5-(2-octyldodecyl)-3,6-diketopyrrolopyrrole-alt-5,5-(2,5-di(thien-2-yl)thieno [3,2-b]thiophene)]",DPP-DTT,104.0,20.0,5.2,,C4H7-(C10H21)2,1.0,,,,,,,6212.0,chloroform,8.5,1.0,,,,,,,,,,,23,n-doped Si,SiO2,300.0,,,Au,,BGTC,70.0,4500.0,11.0,4.0,OTS-18,17,blade,,,100.0,0.5,7.0,,perpendicular,,25.0,12.0,25.0,,,56.95,,,3.55,,,,,0.23,,,,,,,,saturation,nitrogen,,-100.0,"[-100,-10]",
95,86,17,literature,journal_article,10.1021/acsami.7b08133,,,46,16,"poly[2,5-(2-octyldodecyl)-3,6-diketopyrrolopyrrole-alt-5,5-(2,5-di(thien-2-yl)thieno [3,2-b]thiophene)]",DPP-DTT,104.0,20.0,5.2,,C4H7-(C10H21)2,1.0,,,,,,,6212.0,chloroform,10.0,1.0,,,,,,,,,,,23,n-doped Si,SiO2,300.0,,,Au,,BGTC,70.0,4500.0,11.0,4.0,OTS-18,17,blade,,,100.0,0.5,7.0,,perpendicular,,25.0,12.0,25.0,,,67.0,,,3.55,,,,,0.315,,,,,,,,saturation,nitrogen,,-100.0,"[-100,-10]",
96,87,17,literature,journal_article,10.1021/acsami.7b08133,,,47,16,"poly[2,5-(2-octyldodecyl)-3,6-diketopyrrolopyrrole-alt-5,5-(2,5-di(thien-2-yl)thieno [3,2-b]thiophene)]",DPP-DTT,104.0,20.0,5.2,,C4H7-(C10H21)2,1.0,,,,,,,6212.0,chloroform,12.0,1.0,,,,,,,,,,,23,n-doped Si,SiO2,300.0,,,Au,,BGTC,70.0,4500.0,11.0,4.0,OTS-18,17,blade,,,100.0,0.5,7.0,,perpendicular,,25.0,12.0,25.0,,,80.4,,,3.55,,,,,0.18,,,,,,,,saturation,nitrogen,,-100.0,"[-100,-10]",
97,88,17,literature,journal_article,10.1021/acsami.7b08133,,,48,16,"poly[2,5-(2-octyldodecyl)-3,6-diketopyrrolopyrrole-alt-5,5-(2,5-di(thien-2-yl)thieno [3,2-b]thiophene)]",DPP-DTT,104.0,20.0,5.2,,C4H7-(C10H21)2,1.0,,,,,,,6212.0,chloroform,14.0,1.0,,,,,,,,,,,23,n-doped Si,SiO2,300.0,,,Au,,BGTC,70.0,4500.0,11.0,4.0,OTS-18,17,blade,,,100.0,0.5,7.0,,perpendicular,,25.0,12.0,25.0,,,93.8,,,3.55,,,,,0.28,,,,,,,,saturation,nitrogen,,-100.0,"[-100,-10]",
98,89,17,literature,journal_article,10.1021/acsami.7b08133,,,49,16,"poly[2,5-(2-octyldodecyl)-3,6-diketopyrrolopyrrole-alt-5,5-(2,5-di(thien-2-yl)thieno [3,2-b]thiophene)]",DPP-DTT,104.0,20.0,5.2,,C4H7-(C10H21)2,1.0,,,,,,,6212.0,chloroform,16.0,1.0,,,,,,,,,,,23,n-doped Si,SiO2,300.0,,,Au,,BGTC,70.0,4500.0,11.0,4.0,OTS-18,17,blade,,,100.0,0.5,7.0,,perpendicular,,25.0,12.0,25.0,,,107.2,,,3.55,,,,,0.3,,,,,,,,saturation,nitrogen,,-100.0,"[-100,-10]",
99,90,17,literature,journal_article,10.1021/acsami.7b08133,,,50,16,"poly[2,5-(2-octyldodecyl)-3,6-diketopyrrolopyrrole-alt-5,5-(2,5-di(thien-2-yl)thieno [3,2-b]thiophene)]",DPP-DTT,104.0,20.0,5.2,,C4H7-(C10H21)2,1.0,,,,,,,6212.0,chloroform,18.0,1.0,,,,,,,,,,,23,n-doped Si,SiO2,300.0,,,Au,,BGTC,70.0,4500.0,11.0,4.0,OTS-18,17,blade,,,100.0,0.5,7.0,,perpendicular,,25.0,12.0,25.0,,,120.6,,,3.55,,,,,0.28,,,,,,,,saturation,nitrogen,,-100.0,"[-100,-10]",
100,91,17,literature,journal_article,10.1021/acsami.7b08133,,,51,16,"poly[2,5-(2-octyldodecyl)-3,6-diketopyrrolopyrrole-alt-5,5-(2,5-di(thien-2-yl)thieno [3,2-b]thiophene)]",DPP-DTT,104.0,20.0,5.2,,C4H7-(C10H21)2,1.0,,,,,,,6212.0,chloroform,25.0,1.0,,,,,,,,,,,23,n-doped Si,SiO2,300.0,,,Au,,BGTC,70.0,4500.0,11.0,4.0,OTS-18,17,blade,,,100.0,0.5,7.0,,perpendicular,,25.0,12.0,25.0,,,167.5,,,3.49,,,,,0.275,,,,,,,,saturation,nitrogen,,-100.0,"[-100,-10]",
101,92,17,literature,journal_article,10.1021/acsami.7b08133,,,52,16,"poly[2,5-(2-octyldodecyl)-3,6-diketopyrrolopyrrole-alt-5,5-(2,5-di(thien-2-yl)thieno [3,2-b]thiophene)]",DPP-DTT,104.0,20.0,5.2,,C4H7-(C10H21)2,1.0,,,,,,,6212.0,chloroform,3.0,1.0,,,,,,,,,,,24,n-doped Si,CYTOP,447.0,,,Au,,TGBC,70.0,4500.0,4.2,4.0,OTS-18,17,blade,,,100.0,0.5,7.0,,perpendicular,,25.0,17.0,100.0,0.5,,20.1,,,3.55,,,,,0.08,,,,,,,,saturation,nitrogen,,-60.0,"[-60,0]",
102,93,17,literature,journal_article,10.1021/acsami.7b08133,,,43,16,"poly[2,5-(2-octyldodecyl)-3,6-diketopyrrolopyrrole-alt-5,5-(2,5-di(thien-2-yl)thieno [3,2-b]thiophene)]",DPP-DTT,104.0,20.0,5.2,,C4H7-(C10H21)2,1.0,,,,,,,6212.0,chloroform,5.0,1.0,,,,,,,,,,,24,n-doped Si,CYTOP,447.0,,,Au,,TGBC,70.0,4500.0,4.2,4.0,OTS-18,17,blade,,,100.0,0.5,7.0,,perpendicular,,25.0,17.0,100.0,0.5,,33.5,,,3.55,,,,,0.125,,,,,,,,saturation,nitrogen,,-60.0,"[-60,0]",
103,94,17,literature,journal_article,10.1021/acsami.7b08133,,,44,16,"poly[2,5-(2-octyldodecyl)-3,6-diketopyrrolopyrrole-alt-5,5-(2,5-di(thien-2-yl)thieno [3,2-b]thiophene)]",DPP-DTT,104.0,20.0,5.2,,C4H7-(C10H21)2,1.0,,,,,,,6212.0,chloroform,7.0,1.0,,,,,,,,,,,24,n-doped Si,CYTOP,447.0,,,Au,,TGBC,70.0,4500.0,4.2,4.0,OTS-18,17,blade,,,100.0,0.5,7.0,,perpendicular,,25.0,17.0,100.0,0.5,,46.9,,,3.55,,,,,0.08,,,,,,,,saturation,nitrogen,,-60.0,"[-60,0]",
104,95,17,literature,journal_article,10.1021/acsami.7b08133,,,45,16,"poly[2,5-(2-octyldodecyl)-3,6-diketopyrrolopyrrole-alt-5,5-(2,5-di(thien-2-yl)thieno [3,2-b]thiophene)]",DPP-DTT,104.0,20.0,5.2,,C4H7-(C10H21)2,1.0,,,,,,,6212.0,chloroform,8.5,1.0,,,,,,,,,,,24,n-doped Si,CYTOP,447.0,,,Au,,TGBC,70.0,4500.0,4.2,4.0,OTS-18,17,blade,,,100.0,0.5,7.0,,perpendicular,,25.0,17.0,100.0,0.5,,56.95,,,3.55,,,,,0.08,,,,,,,,saturation,nitrogen,,-60.0,"[-60,0]",
105,96,17,literature,journal_article,10.1021/acsami.7b08133,,,46,16,"poly[2,5-(2-octyldodecyl)-3,6-diketopyrrolopyrrole-alt-5,5-(2,5-di(thien-2-yl)thieno [3,2-b]thiophene)]",DPP-DTT,104.0,20.0,5.2,,C4H7-(C10H21)2,1.0,,,,,,,6212.0,chloroform,10.0,1.0,,,,,,,,,,,24,n-doped Si,CYTOP,447.0,,,Au,,TGBC,70.0,4500.0,4.2,4.0,OTS-18,17,blade,,,100.0,0.5,7.0,,perpendicular,,25.0,17.0,100.0,0.5,,67.0,,,3.55,,,,,0.08,,,,,,,,saturation,nitrogen,,-60.0,"[-60,0]",
106,97,17,literature,journal_article,10.1021/acsami.7b08133,,,47,16,"poly[2,5-(2-octyldodecyl)-3,6-diketopyrrolopyrrole-alt-5,5-(2,5-di(thien-2-yl)thieno [3,2-b]thiophene)]",DPP-DTT,104.0,20.0,5.2,,C4H7-(C10H21)2,1.0,,,,,,,6212.0,chloroform,12.0,1.0,,,,,,,,,,,24,n-doped Si,CYTOP,447.0,,,Au,,TGBC,70.0,4500.0,4.2,4.0,OTS-18,17,blade,,,100.0,0.5,7.0,,perpendicular,,25.0,17.0,100.0,0.5,,80.4,,,3.55,,,,,0.13,,,,,,,,saturation,nitrogen,,-60.0,"[-60,0]",
107,98,17,literature,journal_article,10.1021/acsami.7b08133,,,48,16,"poly[2,5-(2-octyldodecyl)-3,6-diketopyrrolopyrrole-alt-5,5-(2,5-di(thien-2-yl)thieno [3,2-b]thiophene)]",DPP-DTT,104.0,20.0,5.2,,C4H7-(C10H21)2,1.0,,,,,,,6212.0,chloroform,14.0,1.0,,,,,,,,,,,24,n-doped Si,CYTOP,447.0,,,Au,,TGBC,70.0,4500.0,4.2,4.0,OTS-18,17,blade,,,100.0,0.5,7.0,,perpendicular,,25.0,17.0,100.0,0.5,,93.8,,,3.55,,,,,0.125,,,,,,,,saturation,nitrogen,,-60.0,"[-60,0]",
108,99,17,literature,journal_article,10.1021/acsami.7b08133,,,49,16,"poly[2,5-(2-octyldodecyl)-3,6-diketopyrrolopyrrole-alt-5,5-(2,5-di(thien-2-yl)thieno [3,2-b]thiophene)]",DPP-DTT,104.0,20.0,5.2,,C4H7-(C10H21)2,1.0,,,,,,,6212.0,chloroform,16.0,1.0,,,,,,,,,,,24,n-doped Si,CYTOP,447.0,,,Au,,TGBC,70.0,4500.0,4.2,4.0,OTS-18,17,blade,,,100.0,0.5,7.0,,perpendicular,,25.0,17.0,100.0,0.5,,107.2,,,3.55,,,,,0.05,,,,,,,,saturation,nitrogen,,-60.0,"[-60,0]",
109,100,17,literature,journal_article,10.1021/acsami.7b08133,,,50,16,"poly[2,5-(2-octyldodecyl)-3,6-diketopyrrolopyrrole-alt-5,5-(2,5-di(thien-2-yl)thieno [3,2-b]thiophene)]",DPP-DTT,104.0,20.0,5.2,,C4H7-(C10H21)2,1.0,,,,,,,6212.0,chloroform,18.0,1.0,,,,,,,,,,,24,n-doped Si,CYTOP,447.0,,,Au,,TGBC,70.0,4500.0,4.2,4.0,OTS-18,17,blade,,,100.0,0.5,7.0,,perpendicular,,25.0,17.0,100.0,0.5,,120.6,,,3.55,,,,,0.075,,,,,,,,saturation,nitrogen,,-60.0,"[-60,0]",
110,101,17,literature,journal_article,10.1021/acsami.7b08133,,,51,16,"poly[2,5-(2-octyldodecyl)-3,6-diketopyrrolopyrrole-alt-5,5-(2,5-di(thien-2-yl)thieno [3,2-b]thiophene)]",DPP-DTT,104.0,20.0,5.2,,C4H7-(C10H21)2,1.0,,,,,,,6212.0,chloroform,25.0,1.0,,,,,,,,,,,24,n-doped Si,CYTOP,447.0,,,Au,,TGBC,70.0,4500.0,4.2,4.0,OTS-18,17,blade,,,100.0,0.5,7.0,,perpendicular,,25.0,17.0,100.0,0.5,,167.5,,,3.55,,,,,0.095,,,,,,,,saturation,nitrogen,,-60.0,"[-60,0]",
111,102,17,literature,journal_article,10.1021/acsami.7b08133,,,52,16,"poly[2,5-(2-octyldodecyl)-3,6-diketopyrrolopyrrole-alt-5,5-(2,5-di(thien-2-yl)thieno [3,2-b]thiophene)]",DPP-DTT,104.0,20.0,5.2,,C4H7-(C10H21)2,1.0,,,,,,,6212.0,chloroform,3.0,1.0,,,,,,,,,,,24,n-doped Si,CYTOP,447.0,,,Au,,TGBC,70.0,4500.0,4.2,4.0,OTS-18,16,blade,,,100.0,0.5,7.0,,parallel,,25.0,17.0,100.0,0.5,,20.1,,,3.55,,,,,0.055,,,,,,,,saturation,nitrogen,,-60.0,"[-60,0]",
112,103,17,literature,journal_article,10.1021/acsami.7b08133,,,43,16,"poly[2,5-(2-octyldodecyl)-3,6-diketopyrrolopyrrole-alt-5,5-(2,5-di(thien-2-yl)thieno [3,2-b]thiophene)]",DPP-DTT,104.0,20.0,5.2,,C4H7-(C10H21)2,1.0,,,,,,,6212.0,chloroform,5.0,1.0,,,,,,,,,,,24,n-doped Si,CYTOP,447.0,,,Au,,TGBC,70.0,4500.0,4.2,4.0,OTS-18,16,blade,,,100.0,0.5,7.0,,parallel,,25.0,17.0,100.0,0.5,,33.5,,,3.55,,,,,0.325,,,,,,,,saturation,nitrogen,,-60.0,"[-60,0]",
113,104,17,literature,journal_article,10.1021/acsami.7b08133,,,44,16,"poly[2,5-(2-octyldodecyl)-3,6-diketopyrrolopyrrole-alt-5,5-(2,5-di(thien-2-yl)thieno [3,2-b]thiophene)]",DPP-DTT,104.0,20.0,5.2,,C4H7-(C10H21)2,1.0,,,,,,,6212.0,chloroform,7.0,1.0,,,,,,,,,,,24,n-doped Si,CYTOP,447.0,,,Au,,TGBC,70.0,4500.0,4.2,4.0,OTS-18,16,blade,,,100.0,0.5,7.0,,parallel,,25.0,17.0,100.0,0.5,,46.9,,,3.55,,,,,0.3,,,,,,,,saturation,nitrogen,,-60.0,"[-60,0]",
114,105,17,literature,journal_article,10.1021/acsami.7b08133,,,46,16,"poly[2,5-(2-octyldodecyl)-3,6-diketopyrrolopyrrole-alt-5,5-(2,5-di(thien-2-yl)thieno [3,2-b]thiophene)]",DPP-DTT,104.0,20.0,5.2,,C4H7-(C10H21)2,1.0,,,,,,,6212.0,chloroform,10.0,1.0,,,,,,,,,,,24,n-doped Si,CYTOP,447.0,,,Au,,TGBC,70.0,4500.0,4.2,4.0,OTS-18,16,blade,,,100.0,0.5,7.0,,parallel,,25.0,17.0,100.0,0.5,,67.0,,,3.55,,,,,0.35,,,,,,,,saturation,nitrogen,,-60.0,"[-60,0]",
115,106,17,literature,journal_article,10.1021/acsami.7b08133,,,47,16,"poly[2,5-(2-octyldodecyl)-3,6-diketopyrrolopyrrole-alt-5,5-(2,5-di(thien-2-yl)thieno [3,2-b]thiophene)]",DPP-DTT,104.0,20.0,5.2,,C4H7-(C10H21)2,1.0,,,,,,,6212.0,chloroform,12.0,1.0,,,,,,,,,,,24,n-doped Si,CYTOP,447.0,,,Au,,TGBC,70.0,4500.0,4.2,4.0,OTS-18,16,blade,,,100.0,0.5,7.0,,parallel,,25.0,17.0,100.0,0.5,,80.4,,,3.55,,,,,0.38,,,,,,,,saturation,nitrogen,,-60.0,"[-60,0]",
116,107,17,literature,journal_article,10.1021/acsami.7b08133,,,48,16,"poly[2,5-(2-octyldodecyl)-3,6-diketopyrrolopyrrole-alt-5,5-(2,5-di(thien-2-yl)thieno [3,2-b]thiophene)]",DPP-DTT,104.0,20.0,5.2,,C4H7-(C10H21)2,1.0,,,,,,,6212.0,chloroform,14.0,1.0,,,,,,,,,,,24,n-doped Si,CYTOP,447.0,,,Au,,TGBC,70.0,4500.0,4.2,4.0,OTS-18,16,blade,,,100.0,0.5,7.0,,parallel,,25.0,17.0,100.0,0.5,,93.8,,,3.55,,,,,0.425,,,,,,,,saturation,nitrogen,,-60.0,"[-60,0]",
117,108,17,literature,journal_article,10.1021/acsami.7b08133,,,50,16,"poly[2,5-(2-octyldodecyl)-3,6-diketopyrrolopyrrole-alt-5,5-(2,5-di(thien-2-yl)thieno [3,2-b]thiophene)]",DPP-DTT,104.0,20.0,5.2,,C4H7-(C10H21)2,1.0,,,,,,,6212.0,chloroform,18.0,1.0,,,,,,,,,,,24,n-doped Si,CYTOP,447.0,,,Au,,TGBC,70.0,4500.0,4.2,4.0,OTS-18,16,blade,,,100.0,0.5,7.0,,parallel,,25.0,17.0,100.0,0.5,,120.6,,,3.55,,,,,0.4,,,,,,,,saturation,nitrogen,,-60.0,"[-60,0]",
118,109,17,literature,journal_article,10.1021/acsami.7b08133,,,51,16,"poly[2,5-(2-octyldodecyl)-3,6-diketopyrrolopyrrole-alt-5,5-(2,5-di(thien-2-yl)thieno [3,2-b]thiophene)]",DPP-DTT,104.0,20.0,5.2,,C4H7-(C10H21)2,1.0,,,,,,,6212.0,chloroform,25.0,1.0,,,,,,,,,,,24,n-doped Si,CYTOP,447.0,,,Au,,TGBC,70.0,4500.0,4.2,4.0,OTS-18,16,blade,,,100.0,0.5,7.0,,parallel,,25.0,17.0,100.0,0.5,,167.5,,,3.49,,,,,0.3,,,,,,,,saturation,nitrogen,,-60.0,"[-60,0]",
119,110,18,literature,journal_article,10.1021/acsmaterialslett.1c00320,RV_1.99,M317_3,53,17,"poly[2,5-(2-octyldodecyl)-3,6-diketopyrrolopyrrole-alt-5,5-(2,5-di(thien-2-yl)thieno [3,2-b]thiophene)]",DPP-DTT,292.0,143.0,2.03,,C2H3-(C8H17)(C10H21),1.0,,,,,,,7964.0,chlorobenzene,3.0,1.0,,,,,,,,,,,2,n-doped Si,SiO2,300.0,,,Au,Cr,BGBC,50.0,2000.0,11.5,4.0,OTS-18,18,wire,,,,80.0,90.0,,perpendicular,air,56.0,18.0,56.0,0.16,air,45.0,-71.4,,,,,,,0.336,0.034,,,5.44,,1500.0,backward,saturation,nitrogen,,-80.0,"[-100,10]",Backward Curve Data used
120,111,18,literature,journal_article,10.1021/acsmaterialslett.1c00320,RV_1.99,M317_4,54,17,"poly[2,5-(2-octyldodecyl)-3,6-diketopyrrolopyrrole-alt-5,5-(2,5-di(thien-2-yl)thieno [3,2-b]thiophene)]",DPP-DTT,292.0,143.0,2.03,,C2H3-(C8H17)(C10H21),1.0,,,,,,,7964.0,chlorobenzene,4.0,1.0,,,,,,,,,,,2,n-doped Si,SiO2,300.0,,,Au,Cr,BGBC,50.0,2000.0,11.5,4.0,OTS-18,18,wire,,,,80.0,90.0,,perpendicular,air,56.0,18.0,56.0,0.16,air,55.0,-67.1,19.6,3.7,7.96,2.47,,,0.401,0.036,,,12.35,,880.0,backward,saturation,nitrogen,,-80.0,"[-100,10]",Backward Curve Data used
121,112,18,literature,journal_article,10.1021/acsmaterialslett.1c00320,RV_1.99,M317_5,55,17,"poly[2,5-(2-octyldodecyl)-3,6-diketopyrrolopyrrole-alt-5,5-(2,5-di(thien-2-yl)thieno [3,2-b]thiophene)]",DPP-DTT,292.0,143.0,2.03,,C2H3-(C8H17)(C10H21),1.0,,,,,,,7964.0,chlorobenzene,5.0,1.0,,,,,,,,,,,2,n-doped Si,SiO2,300.0,,,Au,Cr,BGBC,50.0,2000.0,11.5,4.0,OTS-18,18,wire,,,,80.0,90.0,,perpendicular,air,56.0,18.0,56.0,0.16,air,75.0,-46.5,19.7,3.7,8.06,2.62,,,0.56,0.08,,,9.48,,900.0,backward,saturation,nitrogen,,-80.0,"[-100,10]",Backward Curve Data used
122,113,18,literature,journal_article,10.1021/acsmaterialslett.1c00320,RV_1.99,M317_6,56,17,"poly[2,5-(2-octyldodecyl)-3,6-diketopyrrolopyrrole-alt-5,5-(2,5-di(thien-2-yl)thieno [3,2-b]thiophene)]",DPP-DTT,292.0,143.0,2.03,,C2H3-(C8H17)(C10H21),1.0,,,,,,,7964.0,chlorobenzene,6.0,1.0,,,,,,,,,,,2,n-doped Si,SiO2,300.0,,,Au,Cr,BGBC,50.0,2000.0,11.5,4.0,OTS-18,18,wire,,,,80.0,90.0,,perpendicular,air,56.0,18.0,56.0,0.16,air,115.0,-23.4,19.6,3.7,8.04,2.61,,,0.442,0.089,,,12.03,,840.0,backward,saturation,nitrogen,,-80.0,"[-100,10]",Backward Curve Data used
123,114,18,literature,journal_article,10.1021/acsmaterialslett.1c00320,RV_1.99,M317_8,57,17,"poly[2,5-(2-octyldodecyl)-3,6-diketopyrrolopyrrole-alt-5,5-(2,5-di(thien-2-yl)thieno [3,2-b]thiophene)]",DPP-DTT,292.0,143.0,2.03,,C2H3-(C8H17)(C10H21),1.0,,,,,,,7964.0,chlorobenzene,8.0,1.0,,,,,,,,,,,2,n-doped Si,SiO2,300.0,,,Au,Cr,BGBC,50.0,2000.0,11.5,4.0,OTS-18,18,wire,,,,80.0,90.0,,perpendicular,air,56.0,18.0,56.0,0.16,air,160.0,-15.0,19.4,3.7,7.85,2.5,,,0.397,0.086,,,18.5,,420.0,backward,saturation,nitrogen,,-80.0,"[-100,10]",Backward Curve Data used
124,115,19,literature,journal_article,10.1126/sciadv.1600076,,,58,18,"poly[2,5-(2-octyldodecyl)-3,6-diketopyrrolopyrrole-alt-5,5-(2,5-di(thien-2-yl)thieno [3,2-b]thiophene)]",DPP-DTT,255.0,94.4,2.7,,C2H3-(C8H17)(C10H21),1.0,,,,,,,7239.0,"1,2-dichlorobenzene",5.0,1.0,,,,,,,,,,,25,n-doped Si,SiO2,300.0,,,Au,,BGBC,80.0,8800.0,11.0,4.0,OTS-18,19,spin,,,,,,,,air,100.0,,,,,55.0,,19.3,,,,,,0.8,,,,-1.0,,10000000.0,,saturation,air,3.0,-60.0,"[-30,5]",
125,116,20,literature,journal_article,10.1002/adma.201102786,,,59,19,"poly[2,5-(2-octyldodecyl)-3,6-diketopyrrolopyrrole-alt-5,5-(2,5-di(thien-2-yl)thieno [3,2-b]thiophene)]",DPP-DTT,193.5,50.0,3.87,,C2H3-(C8H17)(C10H21),1.0,,,,,,,7239.0,"1,2-dichlorobenzene",10.0,1.0,,,,,,,,,,,26,glass,PMMA,550.0,,,Au,,TGBC,20.0,10000.0,6.2,15.0,plasma_treatment,20,spin,,,,,,,,nitrogen,,19.0,100.0,2.0,inert,40.0,,,,,,,,0.47,0.12,0.02,0.003,-2.0,24.0,1000000.0,,saturation,nitrogen,,,"[-100,40]",
126,117,20,literature,journal_article,10.1002/adma.201102786,,,59,19,"poly[2,5-(2-octyldodecyl)-3,6-diketopyrrolopyrrole-alt-5,5-(2,5-di(thien-2-yl)thieno [3,2-b]thiophene)]",DPP-DTT,193.5,50.0,3.87,,C2H3-(C8H17)(C10H21),1.0,,,,,,,7239.0,"1,2-dichlorobenzene",10.0,1.0,,,,,,,,,,,26,glass,PMMA,550.0,,,Au,,TGBC,20.0,10000.0,6.2,15.0,plasma_treatment,20,spin,,,,,,,,nitrogen,,20.0,200.0,2.33,inert,40.0,,,,,,,,1.23,0.17,0.02,0.002,-4.0,32.0,1000000.0,,saturation,nitrogen,,,"[-100,40]",
127,118,20,literature,journal_article,10.1002/adma.201102786,,,59,19,"poly[2,5-(2-octyldodecyl)-3,6-diketopyrrolopyrrole-alt-5,5-(2,5-di(thien-2-yl)thieno [3,2-b]thiophene)]",DPP-DTT,193.5,50.0,3.87,,C2H3-(C8H17)(C10H21),1.0,,,,,,,7239.0,"1,2-dichlorobenzene",10.0,1.0,,,,,,,,,,,26,glass,PMMA,550.0,,,Au,,TGBC,20.0,10000.0,6.2,15.0,plasma_treatment,20,spin,,,,,,,,nitrogen,,21.0,320.0,2.33,inert,40.0,,20.2,3.8,,,,,0.93,0.25,0.29,0.06,-14.0,10.0,1000000.0,,saturation,nitrogen,,,"[-100,40]",
128,119,20,literature,journal_article,10.1002/adma.201102786,,,59,19,"poly[2,5-(2-octyldodecyl)-3,6-diketopyrrolopyrrole-alt-5,5-(2,5-di(thien-2-yl)thieno [3,2-b]thiophene)]",DPP-DTT,193.5,50.0,3.87,,C2H3-(C8H17)(C10H21),1.0,,,,,,,7239.0,"1,2-dichlorobenzene",10.0,1.0,,,,,,,,,,,26,glass,PMMA,550.0,,,Au,,TGBC,20.0,10000.0,6.2,,,20,spin,,,,,,,,nitrogen,,21.0,320.0,2.33,inert,40.0,,20.2,3.8,,,,,1.36,0.26,1.56,0.49,-16.0,0.0,1000000.0,,saturation,nitrogen,,,"[-100,40]",
129,120,21,literature,journal_article,10.1038/ncomms16070,,,60,20,"poly[2,5-(2-octyldodecyl)-3,6-diketopyrrolopyrrole-alt-5,5-(2,5-di(thien-2-yl)thieno [3,2-b]thiophene)]",DPP-DTT,54.79,20.052,2.73,,C4H7-(C10H21)2,1.0,,,,,,,6212.0,chloroform,8.0,1.0,,,,,,,,,,,27,n-doped Si,SiO2,300.0,,,Ag,,BGTC,52.0,4400.0,11.0,4.0,OTS-18,12,blade,,,100.0,0.5,8.0,,parallel,air,25.0,,,,,56.0,,22.9,3.545,,,,,0.16,0.05,,,-28.77,,100000.0,,saturation,nitrogen,,,"[-100,0]",
130,121,21,literature,journal_article,10.1038/ncomms16070,,,60,20,"poly[2,5-(2-octyldodecyl)-3,6-diketopyrrolopyrrole-alt-5,5-(2,5-di(thien-2-yl)thieno [3,2-b]thiophene)]",DPP-DTT,54.79,20.052,2.73,,C4H7-(C10H21)2,1.0,,,,,,,6212.0,chloroform,8.0,1.0,,,,,,,,,,,27,n-doped Si,SiO2,300.0,,,Ag,,BGTC,52.0,4400.0,11.0,4.0,OTS-18,13,blade,,,100.0,0.5,8.0,,perpendicular,air,25.0,,,,,56.0,,23.55,3.575,,,,,0.32,0.06,,,-29.23,,100000.0,,saturation,nitrogen,,,"[-100,0]",
131,122,21,literature,journal_article,10.1038/ncomms16070,,,61,20,"poly[2,5-(2-octyldodecyl)-3,6-diketopyrrolopyrrole-alt-5,5-(2,5-di(thien-2-yl)thieno [3,2-b]thiophene)]",DPP-DTT,54.79,20.052,2.73,,C4H7-(C10H21)2,1.0,,,,,,,6212.0,chloroform,12.0,1.0,,,,,,,,,,,27,n-doped Si,SiO2,300.0,,,Ag,,BGTC,52.0,4400.0,11.0,4.0,OTS-18,12,blade,,,100.0,0.5,8.0,,parallel,air,25.0,,,,,72.0,,22.9,3.54,,,,,0.24,0.04,,,-27.08,,100000.0,,saturation,nitrogen,,,"[-100,0]",
132,123,21,literature,journal_article,10.1038/ncomms16070,,,61,20,"poly[2,5-(2-octyldodecyl)-3,6-diketopyrrolopyrrole-alt-5,5-(2,5-di(thien-2-yl)thieno [3,2-b]thiophene)]",DPP-DTT,54.79,20.052,2.73,,C4H7-(C10H21)2,1.0,,,,,,,6212.0,chloroform,12.0,1.0,,,,,,,,,,,27,n-doped Si,SiO2,300.0,,,Ag,,BGTC,52.0,4400.0,11.0,4.0,OTS-18,13,blade,,,100.0,0.5,8.0,,perpendicular,air,25.0,,,,,72.0,,23.15,3.555,,,,,0.27,0.04,,,-26.81,,100000.0,,saturation,nitrogen,,,"[-100,0]",
133,124,21,literature,journal_article,10.1038/ncomms16070,,,62,20,"poly[2,5-(2-octyldodecyl)-3,6-diketopyrrolopyrrole-alt-5,5-(2,5-di(thien-2-yl)thieno [3,2-b]thiophene)]",DPP-DTT,54.79,20.052,2.73,,C4H7-(C10H21)2,1.0,,,,,,,6212.0,chloroform,27.0,1.0,,,,,,,,,,,27,n-doped Si,SiO2,300.0,,,Ag,,BGTC,52.0,4400.0,11.0,4.0,OTS-18,12,blade,,,100.0,0.5,8.0,,parallel,air,25.0,,,,,176.9,,22.9,3.54,,,,,0.25,0.05,,,-16.47,,100000.0,,saturation,nitrogen,,,"[-100,0]",
134,125,21,literature,journal_article,10.1038/ncomms16070,,,62,20,"poly[2,5-(2-octyldodecyl)-3,6-diketopyrrolopyrrole-alt-5,5-(2,5-di(thien-2-yl)thieno [3,2-b]thiophene)]",DPP-DTT,54.79,20.052,2.73,,C4H7-(C10H21)2,1.0,,,,,,,6212.0,chloroform,27.0,1.0,,,,,,,,,,,27,n-doped Si,SiO2,300.0,,,Ag,,BGTC,52.0,4400.0,11.0,4.0,OTS-18,13,blade,,,100.0,0.5,8.0,,perpendicular,air,25.0,,,,,176.9,,23.15,3.55,,,,,0.2,0.04,,,-19.22,,100000.0,,saturation,nitrogen,,,"[-100,0]",
135,126,22,literature,journal_article,10.1002/adfm.201706372,,,63,21,"poly[2,5-(2-octyldodecyl)-3,6-diketopyrrolopyrrole-alt-5,5-(2,5-di(thien-2-yl)thieno [3,2-b]thiophene)]",DPP-DTT,250.0,68.0,3.67,,C2H3-(C8H17)(C10H21),1.0,,,,,,,7239.0,"1,2-dichlorobenzene",4.0,1.0,,,,,,,,,,,1,n-doped Si,SiO2,300.0,,,Au,,BGTC,80.0,1500.0,10.0,4.0,OTS-18,6,spin,1500.0,150.0,,,,,,air,,12.0,25.0,,,60.0,,,,,,,,0.8,,,,,,,,saturation,nitrogen,,-60.0,"[-60,20]",
136,127,23,laboratory,,,RV_1.120,M0311A2_2,64,22,"poly[2,5-(2-octyldodecyl)-3,6-diketopyrrolopyrrole-alt-5,5-(2,5-di(thien-2-yl)thieno [3,2-b]thiophene)]",DPP-DTT,204.0,66.0,3.1,,C2H3-(C8H17)(C10H21),1.0,,,,,,,7964.0,chlorobenzene,2.0,1.0,,,,,,,,,,,2,n-doped Si,SiO2,300.0,,,Au,Cr,BGBC,50.0,2000.0,11.5,,,22,blade,,,,5.0,90.0,,perpendicular,air,56.0,18.0,56.0,0.16,air,13.0,,,,,,,,0.042815914,0.021110447,,,-30.60239064,,18000.0,backward,saturation,nitrogen,,-80.0,"[-100,10]",Backward Curve Data used
137,128,23,laboratory,,,RV_1.120,M0311A2_6,65,22,"poly[2,5-(2-octyldodecyl)-3,6-diketopyrrolopyrrole-alt-5,5-(2,5-di(thien-2-yl)thieno [3,2-b]thiophene)]",DPP-DTT,204.0,66.0,3.1,,C2H3-(C8H17)(C10H21),1.0,,,,,,,7964.0,chlorobenzene,6.0,1.0,,,,,,,,,,,2,n-doped Si,SiO2,300.0,,,Au,Cr,BGBC,50.0,2000.0,11.5,,,22,blade,,,,5.0,90.0,,perpendicular,air,56.0,18.0,56.0,0.16,air,75.0,,,,,,,,0.113931203,0.017588452,,,-4.243247954,,36500.0,backward,saturation,nitrogen,,-80.0,"[-100,10]",Backward Curve Data used
138,129,23,laboratory,,,RV_1.120,M0311A2_10,66,22,"poly[2,5-(2-octyldodecyl)-3,6-diketopyrrolopyrrole-alt-5,5-(2,5-di(thien-2-yl)thieno [3,2-b]thiophene)]",DPP-DTT,204.0,66.0,3.1,,C2H3-(C8H17)(C10H21),1.0,,,,,,,7964.0,chlorobenzene,10.0,1.0,,,,,,,,,,,2,n-doped Si,SiO2,300.0,,,Au,Cr,BGBC,50.0,2000.0,11.5,,,22,blade,,,,5.0,90.0,,perpendicular,air,56.0,18.0,56.0,0.16,air,165.0,,,,,,,,0.061765646,0.015667236,,,-4.767027445,,28800.0,backward,saturation,nitrogen,,-80.0,"[-100,10]",Backward Curve Data used
139,130,24,laboratory,,,RV_1.127,M0311A2_5,67,22,"poly[2,5-(2-octyldodecyl)-3,6-diketopyrrolopyrrole-alt-5,5-(2,5-di(thien-2-yl)thieno [3,2-b]thiophene)]",DPP-DTT,204.0,66.0,3.1,,C2H3-(C8H17)(C10H21),1.0,,,,,,,7964.0,chlorobenzene,5.0,1.0,,,,,,,,,,,2,n-doped Si,SiO2,300.0,,,Au,Cr,BGBC,50.0,2000.0,11.5,,,22,blade,,,,5.0,90.0,,perpendicular,air,56.0,18.0,56.0,0.16,air,,,,,,,,,0.22,0.0308,,,-15.3,,860000.0,backward,saturation,nitrogen,,-80.0,"[-100,10]",Backward Curve Data used
140,131,25,laboratory,,,RV_1.130,M317_5,55,17,"poly[2,5-(2-octyldodecyl)-3,6-diketopyrrolopyrrole-alt-5,5-(2,5-di(thien-2-yl)thieno [3,2-b]thiophene)]",DPP-DTT,292.0,143.0,2.03,,C2H3-(C8H17)(C10H21),1.0,,,,,,,7964.0,chlorobenzene,5.0,1.0,,,,,,,,,,,2,n-doped Si,SiO2,300.0,,,Au,Cr,BGBC,50.0,2000.0,11.5,,,22,blade,,,,5.0,90.0,,perpendicular,air,56.0,18.0,56.0,0.16,air,,-70.0,,,,,,,0.105,0.03,,,-7.0,,7000.0,backward,saturation,nitrogen,,-80.0,"[-100,10]",Backward Curve Data used
141,130,25,laboratory,,,RV_1.130,M0311A2_5,67,22,"poly[2,5-(2-octyldodecyl)-3,6-diketopyrrolopyrrole-alt-5,5-(2,5-di(thien-2-yl)thieno [3,2-b]thiophene)]",DPP-DTT,204.0,66.0,3.1,,C2H3-(C8H17)(C10H21),1.0,,,,,,,7964.0,chlorobenzene,5.0,1.0,,,,,,,,,,,2,n-doped Si,SiO2,300.0,,,Au,Cr,BGBC,50.0,2000.0,11.5,,,22,blade,,,,5.0,90.0,,perpendicular,air,56.0,18.0,56.0,0.16,air,,,,,,,,,0.077,0.023,,,-11.0,,21000.0,backward,saturation,nitrogen,,-80.0,"[-100,10]",Backward Curve Data used
142,132,25,laboratory,,,RV_1.130,M0311A3_5,68,23,"poly[2,5-(2-octyldodecyl)-3,6-diketopyrrolopyrrole-alt-5,5-(2,5-di(thien-2-yl)thieno [3,2-b]thiophene)]",DPP-DTT,110.0,44.0,2.5,,C2H3-(C8H17)(C10H21),1.0,,,,,,,7964.0,chlorobenzene,5.0,1.0,,,,,,,,,,,2,n-doped Si,SiO2,300.0,,,Au,Cr,BGBC,50.0,2000.0,11.5,,,22,blade,,,,5.0,90.0,,perpendicular,air,56.0,18.0,56.0,0.16,air,,,,,,,,,0.052,0.024,,,-18.9,,20400.0,backward,saturation,nitrogen,,-80.0,"[-100,10]",Backward Curve Data used
143,133,25,laboratory,,,RV_1.130,M0311A4_5,69,24,"poly[2,5-(2-octyldodecyl)-3,6-diketopyrrolopyrrole-alt-5,5-(2,5-di(thien-2-yl)thieno [3,2-b]thiophene)]",DPP-DTT,152.0,55.0,2.76,,C2H3-(C8H17)(C10H21),1.0,,,,,,,7964.0,chlorobenzene,5.0,1.0,,,,,,,,,,,2,n-doped Si,SiO2,300.0,,,Au,Cr,BGBC,50.0,2000.0,11.5,,,22,blade,,,,5.0,90.0,,perpendicular,air,56.0,18.0,56.0,0.16,air,,,,,,,,,0.047,0.007,,,-12.8,,13000.0,backward,saturation,nitrogen,,-80.0,"[-100,10]",Backward Curve Data used
144,134,26,laboratory,,,RV_1.134,M317_5,55,17,"poly[2,5-(2-octyldodecyl)-3,6-diketopyrrolopyrrole-alt-5,5-(2,5-di(thien-2-yl)thieno [3,2-b]thiophene)]",DPP-DTT,292.0,143.0,2.03,,C2H3-(C8H17)(C10H21),1.0,,,,,,,7964.0,chlorobenzene,5.0,1.0,,,,,,,,,,,2,n-doped Si,SiO2,300.0,,,Au,Cr,BGBC,50.0,2000.0,11.5,,,23,blade,,,,2.0,90.0,,perpendicular,air,56.0,18.0,56.0,0.16,air,,-50.0,,,,,,,0.104,0.01,,,1.7,,20000.0,backward,saturation,nitrogen,,-80.0,"[-100,10]",Backward Curve Data used
145,135,27,laboratory,,,RV_1.144,M0311A2_20,70,22,"poly[2,5-(2-octyldodecyl)-3,6-diketopyrrolopyrrole-alt-5,5-(2,5-di(thien-2-yl)thieno [3,2-b]thiophene)]",DPP-DTT,204.0,66.0,3.1,,C2H3-(C8H17)(C10H21),0.2,104.0,poly(styrene),PS,35.0,,0.8,7964.0,chlorobenzene,5.0,1.0,,,,,,,,,,,2,n-doped Si,SiO2,300.0,,,Au,Cr,BGBC,50.0,2000.0,11.5,4.0,OTS-18,23,blade,,,,2.0,90.0,,perpendicular,air,56.0,18.0,56.0,0.16,air,,,,,,,,,0.187176952,0.037,,,-15.76536343,,104000.0,forward,saturation,nitrogen,,-80.0,"[-100,10]","Forward Curve Data Used, Some hysteris and backward curve had 2 regimes"
146,136,27,laboratory,,,RV_1.144,M0311A2_40,71,22,"poly[2,5-(2-octyldodecyl)-3,6-diketopyrrolopyrrole-alt-5,5-(2,5-di(thien-2-yl)thieno [3,2-b]thiophene)]",DPP-DTT,204.0,66.0,3.1,,C2H3-(C8H17)(C10H21),0.4,104.0,poly(styrene),PS,35.0,,0.6,7964.0,chlorobenzene,5.0,1.0,,,,,,,,,,,2,n-doped Si,SiO2,300.0,,,Au,Cr,BGBC,50.0,2000.0,11.5,4.0,OTS-18,23,blade,,,,2.0,90.0,,perpendicular,air,56.0,18.0,56.0,0.16,air,,,,,,,,,0.190528892,0.0409,,,-5.702253038,,38400.0,forward,saturation,nitrogen,,-80.0,"[-100,10]","Forward Curve Data Used, Some hysteris and backward curve had 2 regimes"
147,137,27,laboratory,,,RV_1.144,M0311A2_60,72,22,"poly[2,5-(2-octyldodecyl)-3,6-diketopyrrolopyrrole-alt-5,5-(2,5-di(thien-2-yl)thieno [3,2-b]thiophene)]",DPP-DTT,204.0,66.0,3.1,,C2H3-(C8H17)(C10H21),0.6,104.0,poly(styrene),PS,35.0,,0.4,7964.0,chlorobenzene,5.0,1.0,,,,,,,,,,,2,n-doped Si,SiO2,300.0,,,Au,Cr,BGBC,50.0,2000.0,11.5,4.0,OTS-18,23,blade,,,,2.0,90.0,,perpendicular,air,56.0,18.0,56.0,0.16,air,,,,,,,,,0.180283392,0.017,,,3.791659973,,74000.0,forward,saturation,nitrogen,,-80.0,"[-100,10]",Forward Curve Data Used
148,138,27,laboratory,,,RV_1.144,M0311A2_80,73,22,"poly[2,5-(2-octyldodecyl)-3,6-diketopyrrolopyrrole-alt-5,5-(2,5-di(thien-2-yl)thieno [3,2-b]thiophene)]",DPP-DTT,204.0,66.0,3.1,,C2H3-(C8H17)(C10H21),0.8,104.0,poly(styrene),PS,35.0,,0.2,7964.0,chlorobenzene,5.0,1.0,,,,,,,,,,,2,n-doped Si,SiO2,300.0,,,Au,Cr,BGBC,50.0,2000.0,11.5,4.0,OTS-18,23,blade,,,,2.0,90.0,,perpendicular,air,56.0,18.0,56.0,0.16,air,,,,,,,,,0.159097091,0.013,,,6.11632255,,10300.0,forward,saturation,nitrogen,,-80.0,"[-100,10]",Forward Curve Data Used
149,139,27,laboratory,,,RV_1.144,M0311A2_100,67,22,"poly[2,5-(2-octyldodecyl)-3,6-diketopyrrolopyrrole-alt-5,5-(2,5-di(thien-2-yl)thieno [3,2-b]thiophene)]",DPP-DTT,204.0,66.0,3.1,,C2H3-(C8H17)(C10H21),1.0,,,,,,,7964.0,chlorobenzene,5.0,1.0,,,,,,,,,,,2,n-doped Si,SiO2,300.0,,,Au,Cr,BGBC,50.0,2000.0,11.5,4.0,OTS-18,23,blade,,,,2.0,90.0,,perpendicular,air,56.0,18.0,56.0,0.16,air,,,,,,,,,0.129223278,0.0166,,,9.628249873,,21900.0,forward,saturation,nitrogen,,-80.0,"[-100,10]",Forward Curve Data Used
150,140,27,laboratory,,,RV_1.144,M317_20,74,17,"poly[2,5-(2-octyldodecyl)-3,6-diketopyrrolopyrrole-alt-5,5-(2,5-di(thien-2-yl)thieno [3,2-b]thiophene)]",DPP-DTT,292.0,143.0,2.03,,C2H3-(C8H17)(C10H21),0.2,104.0,poly(styrene),PS,35.0,,0.8,7964.0,chlorobenzene,5.0,1.0,,,,,,,,,,,2,n-doped Si,SiO2,300.0,,,Au,Cr,BGBC,50.0,2000.0,11.5,,,23,blade,,,,2.0,90.0,,perpendicular,air,56.0,18.0,56.0,0.16,air,,-122.33,,,,,,,0.14391696264953083,0.028575745778211318,,,-9.971100982461131,,46443.72732373952,forward,saturation,nitrogen,,-80.0,"[-100,10]",Forward Curve Data Used
151,141,27,laboratory,,,RV_1.144,M317_40,75,17,"poly[2,5-(2-octyldodecyl)-3,6-diketopyrrolopyrrole-alt-5,5-(2,5-di(thien-2-yl)thieno [3,2-b]thiophene)]",DPP-DTT,292.0,143.0,2.03,,C2H3-(C8H17)(C10H21),0.4,104.0,poly(styrene),PS,35.0,,0.6,7964.0,chlorobenzene,5.0,1.0,,,,,,,,,,,2,n-doped Si,SiO2,300.0,,,Au,Cr,BGBC,50.0,2000.0,11.5,,,23,blade,,,,2.0,90.0,,perpendicular,air,56.0,18.0,56.0,0.16,air,,-118.65,,,,,,,0.1762462532346868,0.022898351336710667,,,8.504994334498122,,2509.159020006437,forward,saturation,nitrogen,,-80.0,"[-100,10]",Forward Curve Data Used
152,142,27,laboratory,,,RV_1.144,M317_60,76,17,"poly[2,5-(2-octyldodecyl)-3,6-diketopyrrolopyrrole-alt-5,5-(2,5-di(thien-2-yl)thieno [3,2-b]thiophene)]",DPP-DTT,292.0,143.0,2.03,,C2H3-(C8H17)(C10H21),0.6,104.0,poly(styrene),PS,35.0,,0.4,7964.0,chlorobenzene,5.0,1.0,,,,,,,,,,,2,n-doped Si,SiO2,300.0,,,Au,Cr,BGBC,50.0,2000.0,11.5,,,23,blade,,,,2.0,90.0,,perpendicular,air,56.0,18.0,56.0,0.16,air,,-108.02,,,,,,,0.17430180670088127,0.026118877482593894,,,22.473569889685294,,2601.4174613712594,forward,saturation,nitrogen,,-80.0,"[-100,10]",Forward Curve Data Used
153,143,27,laboratory,,,RV_1.144,M317_80,77,17,"poly[2,5-(2-octyldodecyl)-3,6-diketopyrrolopyrrole-alt-5,5-(2,5-di(thien-2-yl)thieno [3,2-b]thiophene)]",DPP-DTT,292.0,143.0,2.03,,C2H3-(C8H17)(C10H21),0.8,104.0,poly(styrene),PS,35.0,,0.2,7964.0,chlorobenzene,5.0,1.0,,,,,,,,,,,2,n-doped Si,SiO2,300.0,,,Au,Cr,BGBC,50.0,2000.0,11.5,,,23,blade,,,,2.0,90.0,,perpendicular,air,56.0,18.0,56.0,0.16,air,,-83.4,,,,,,,0.09292490565079684,0.006736488647740359,,,3.4208195214245283,,4687.325368241758,forward,saturation,nitrogen,,-80.0,"[-100,10]","Forward Curve Data Used, Some hysteris and backward curve had 2 regimes"
154,134,27,laboratory,,,RV_1.144,M317_100,55,17,"poly[2,5-(2-octyldodecyl)-3,6-diketopyrrolopyrrole-alt-5,5-(2,5-di(thien-2-yl)thieno [3,2-b]thiophene)]",DPP-DTT,292.0,143.0,2.03,,C2H3-(C8H17)(C10H21),1.0,,,,,,,7964.0,chlorobenzene,5.0,1.0,,,,,,,,,,,2,n-doped Si,SiO2,300.0,,,Au,Cr,BGBC,50.0,2000.0,11.5,,,23,blade,,,,2.0,90.0,,perpendicular,air,56.0,18.0,56.0,0.16,air,,-57.57,,,,,,,0.07440288767155169,0.009706545743896478,,,8.897806560278221,,3437.17428202665,forward,saturation,nitrogen,,-80.0,"[-100,10]","Forward Curve Data Used, Some hysteris and backward curve had 2 regimes"
155,144,28,laboratory,,,RV_1.149,M317_20,74,17,"poly[2,5-(2-octyldodecyl)-3,6-diketopyrrolopyrrole-alt-5,5-(2,5-di(thien-2-yl)thieno [3,2-b]thiophene)]",DPP-DTT,292.0,143.0,2.03,,C2H3-(C8H17)(C10H21),0.2,104.0,poly(styrene),PS,35.0,,0.8,7964.0,chlorobenzene,5.0,1.0,,,,,,,,,,,2,n-doped Si,SiO2,300.0,,,Au,Cr,BGBC,50.0,2000.0,11.5,4.0,OTS-18,23,blade,,,,2.0,90.0,,perpendicular,air,56.0,18.0,56.0,0.16,air,,-122.33,,,,,,,0.124165231,0.02214,,,-29.18373807,,415610.7475,forward,saturation,nitrogen,,-80.0,"[-80,10]","Forward Curve Data Used, Some hysteris and backward curve had 2 regimes"
156,145,28,laboratory,,,RV_1.149,M317_40,75,17,"poly[2,5-(2-octyldodecyl)-3,6-diketopyrrolopyrrole-alt-5,5-(2,5-di(thien-2-yl)thieno [3,2-b]thiophene)]",DPP-DTT,292.0,143.0,2.03,,C2H3-(C8H17)(C10H21),0.4,104.0,poly(styrene),PS,35.0,,0.6,7964.0,chlorobenzene,5.0,1.0,,,,,,,,,,,2,n-doped Si,SiO2,300.0,,,Au,Cr,BGBC,50.0,2000.0,11.5,4.0,OTS-18,23,blade,,,,2.0,90.0,,perpendicular,air,56.0,18.0,56.0,0.16,air,,-118.65,,,,,,,0.370376245,0.0337,,,-18.55878023,,29382.43221,forward,saturation,nitrogen,,-80.0,"[-80,10]","Forward Curve Data Used, Some hysteris and backward curve had 2 regimes"
157,146,28,laboratory,,,RV_1.149,M317_60,76,17,"poly[2,5-(2-octyldodecyl)-3,6-diketopyrrolopyrrole-alt-5,5-(2,5-di(thien-2-yl)thieno [3,2-b]thiophene)]",DPP-DTT,292.0,143.0,2.03,,C2H3-(C8H17)(C10H21),0.6,104.0,poly(styrene),PS,35.0,,0.4,7964.0,chlorobenzene,5.0,1.0,,,,,,,,,,,2,n-doped Si,SiO2,300.0,,,Au,Cr,BGBC,50.0,2000.0,11.5,4.0,OTS-18,23,blade,,,,2.0,90.0,,perpendicular,air,56.0,18.0,56.0,0.16,air,,-108.02,,,,,,,0.319754,0.04869,,,-1.320205612,,6162.467264,forward,saturation,nitrogen,,-80.0,"[-80,10]",Forward Curve Data Used
158,147,28,laboratory,,,RV_1.149,M317_80,77,17,"poly[2,5-(2-octyldodecyl)-3,6-diketopyrrolopyrrole-alt-5,5-(2,5-di(thien-2-yl)thieno [3,2-b]thiophene)]",DPP-DTT,292.0,143.0,2.03,,C2H3-(C8H17)(C10H21),0.8,104.0,poly(styrene),PS,35.0,,0.2,7964.0,chlorobenzene,5.0,1.0,,,,,,,,,,,2,n-doped Si,SiO2,300.0,,,Au,Cr,BGBC,50.0,2000.0,11.5,4.0,OTS-18,23,blade,,,,2.0,90.0,,perpendicular,air,56.0,18.0,56.0,0.16,air,,-83.4,,,,,,,0.257337819,0.0212477,,,16.93104169,,2455.227029,forward,saturation,nitrogen,,-80.0,"[-80,10]",Forward Curve Data Used
159,148,28,laboratory,,,RV_1.149,M317_100,55,17,"poly[2,5-(2-octyldodecyl)-3,6-diketopyrrolopyrrole-alt-5,5-(2,5-di(thien-2-yl)thieno [3,2-b]thiophene)]",DPP-DTT,292.0,143.0,2.03,,C2H3-(C8H17)(C10H21),1.0,,,,,,,7964.0,chlorobenzene,5.0,1.0,,,,,,,,,,,2,n-doped Si,SiO2,300.0,,,Au,Cr,BGBC,50.0,2000.0,11.5,4.0,OTS-18,23,blade,,,,2.0,90.0,,perpendicular,air,56.0,18.0,56.0,0.16,air,,-57.57,,,,,,,0.193502465,0.00815,,,22.03724998,,927.2712067,forward,saturation,nitrogen,,-80.0,"[-80,10]",Forward Curve Data Used
160,149,29,laboratory,,,RV_1.163,M0311A2_2,64,22,"poly[2,5-(2-octyldodecyl)-3,6-diketopyrrolopyrrole-alt-5,5-(2,5-di(thien-2-yl)thieno [3,2-b]thiophene)]",DPP-DTT,204.0,66.0,3.1,,C2H3-(C8H17)(C10H21),1.0,,,,,,,7964.0,chlorobenzene,2.0,1.0,,,,,,,,,,,2,n-doped Si,SiO2,300.0,,,Au,Cr,BGBC,50.0,2000.0,11.5,,,23,blade,,,,2.0,90.0,,perpendicular,air,56.0,18.0,56.0,0.16,air,,,,,,,,,0.01253543310846242,0.0085896,,,-31.89739318716538,,5075.0733071664135,backward,saturation,nitrogen,,-80.0,"[-80,10]",Backward Curve Data used
161,150,29,laboratory,,,RV_1.163,M0311A2_4,78,22,"poly[2,5-(2-octyldodecyl)-3,6-diketopyrrolopyrrole-alt-5,5-(2,5-di(thien-2-yl)thieno [3,2-b]thiophene)]",DPP-DTT,204.0,66.0,3.1,,C2H3-(C8H17)(C10H21),1.0,,,,,,,7964.0,chlorobenzene,4.0,1.0,,,,,,,,,,,2,n-doped Si,SiO2,300.0,,,Au,Cr,BGBC,50.0,2000.0,11.5,,,23,blade,,,,2.0,90.0,,perpendicular,air,56.0,18.0,56.0,0.16,air,,,,,,,,,0.03833298702719241,0.0111768,,,-16.65933451945816,,16164.034510369976,backward,saturation,nitrogen,,-80.0,"[-80,10]",Backward Curve Data used
162,151,29,laboratory,,,RV_1.163,M0311A2_6,65,22,"poly[2,5-(2-octyldodecyl)-3,6-diketopyrrolopyrrole-alt-5,5-(2,5-di(thien-2-yl)thieno [3,2-b]thiophene)]",DPP-DTT,204.0,66.0,3.1,,C2H3-(C8H17)(C10H21),1.0,,,,,,,7964.0,chlorobenzene,6.0,1.0,,,,,,,,,,,2,n-doped Si,SiO2,300.0,,,Au,Cr,BGBC,50.0,2000.0,11.5,,,23,blade,,,,2.0,90.0,,perpendicular,air,56.0,18.0,56.0,0.16,air,,,,,,,,,0.10118202437186954,0.0120325,,,-8.565868823274474,,19112.33941615256,backward,saturation,nitrogen,,-80.0,"[-80,10]",Backward Curve Data used
163,152,29,laboratory,,,RV_1.163,M0311A2_7,79,22,"poly[2,5-(2-octyldodecyl)-3,6-diketopyrrolopyrrole-alt-5,5-(2,5-di(thien-2-yl)thieno [3,2-b]thiophene)]",DPP-DTT,204.0,66.0,3.1,,C2H3-(C8H17)(C10H21),1.0,,,,,,,7964.0,chlorobenzene,7.0,1.0,,,,,,,,,,,2,n-doped Si,SiO2,300.0,,,Au,Cr,BGBC,50.0,2000.0,11.5,,,23,blade,,,,2.0,90.0,,perpendicular,air,56.0,18.0,56.0,0.16,air,,,,,,,,,0.19860087071794363,0.0246048,,,-3.7909730133934665,,7581.845499343515,backward,saturation,nitrogen,,-80.0,"[-80,10]",Backward Curve Data used
164,153,29,laboratory,,,RV_1.163,M0311A2_8,80,22,"poly[2,5-(2-octyldodecyl)-3,6-diketopyrrolopyrrole-alt-5,5-(2,5-di(thien-2-yl)thieno [3,2-b]thiophene)]",DPP-DTT,204.0,66.0,3.1,,C2H3-(C8H17)(C10H21),1.0,,,,,,,7964.0,chlorobenzene,8.0,1.0,,,,,,,,,,,2,n-doped Si,SiO2,300.0,,,Au,Cr,BGBC,50.0,2000.0,11.5,,,23,blade,,,,2.0,90.0,,perpendicular,air,56.0,18.0,56.0,0.16,air,,,,,,,,,0.16384179726813897,0.01740145,,,-3.486283340475885,,10444.50424633698,backward,saturation,nitrogen,,-80.0,"[-80,10]",Backward Curve Data used
165,154,29,laboratory,,,RV_1.163,M0311A2_10,66,22,"poly[2,5-(2-octyldodecyl)-3,6-diketopyrrolopyrrole-alt-5,5-(2,5-di(thien-2-yl)thieno [3,2-b]thiophene)]",DPP-DTT,204.0,66.0,3.1,,C2H3-(C8H17)(C10H21),1.0,,,,,,,7964.0,chlorobenzene,10.0,1.0,,,,,,,,,,,2,n-doped Si,SiO2,300.0,,,Au,Cr,BGBC,50.0,2000.0,11.5,,,23,blade,,,,2.0,90.0,,perpendicular,air,56.0,18.0,56.0,0.16,air,,,,,,,,,0.17018720541138677,0.0172474,,,-2.949865986010432,,5860.67122982402,backward,saturation,nitrogen,,-80.0,"[-80,10]",Backward Curve Data used
166,155,30,laboratory,,,RV_1.164,M0311A3_2,81,23,"poly[2,5-(2-octyldodecyl)-3,6-diketopyrrolopyrrole-alt-5,5-(2,5-di(thien-2-yl)thieno [3,2-b]thiophene)]",DPP-DTT,110.0,44.0,2.5,,C2H3-(C8H17)(C10H21),1.0,,,,,,,7964.0,chlorobenzene,2.0,1.0,,,,,,,,,,,2,n-doped Si,SiO2,300.0,,,Au,Cr,BGBC,50.0,2000.0,11.5,,,23,blade,,,,2.0,90.0,,perpendicular,air,56.0,18.0,56.0,0.16,air,,,,,,,,,0.000412426964558155,4.632542397929541e-06,,,-13.1952622596777,,21832.1999999999,backward,saturation,nitrogen,,-80.0,"[-80,10]",Backward Curve Data used
167,156,30,laboratory,,,RV_1.164,M0311A3_4,82,23,"poly[2,5-(2-octyldodecyl)-3,6-diketopyrrolopyrrole-alt-5,5-(2,5-di(thien-2-yl)thieno [3,2-b]thiophene)]",DPP-DTT,110.0,44.0,2.5,,C2H3-(C8H17)(C10H21),1.0,,,,,,,7964.0,chlorobenzene,4.0,1.0,,,,,,,,,,,2,n-doped Si,SiO2,300.0,,,Au,Cr,BGBC,50.0,2000.0,11.5,,,23,blade,,,,2.0,90.0,,perpendicular,air,56.0,18.0,56.0,0.16,air,,,,,,,,,0.007139338285498153,0.00305,,,-18.168366025637425,,1737.669427228061,backward,saturation,nitrogen,,-80.0,"[-80,10]",Backward Curve Data used
168,157,30,laboratory,,,RV_1.164,M0311A3_6,83,23,"poly[2,5-(2-octyldodecyl)-3,6-diketopyrrolopyrrole-alt-5,5-(2,5-di(thien-2-yl)thieno [3,2-b]thiophene)]",DPP-DTT,110.0,44.0,2.5,,C2H3-(C8H17)(C10H21),1.0,,,,,,,7964.0,chlorobenzene,6.0,1.0,,,,,,,,,,,2,n-doped Si,SiO2,300.0,,,Au,Cr,BGBC,50.0,2000.0,11.5,,,23,blade,,,,2.0,90.0,,perpendicular,air,56.0,18.0,56.0,0.16,air,,,,,,,,,0.037411549535651435,0.00738,,,-17.976767238536237,,14547.408615511991,backward,saturation,nitrogen,,-80.0,"[-80,10]",Backward Curve Data used
169,158,30,laboratory,,,RV_1.164,M0311A3_8,84,23,"poly[2,5-(2-octyldodecyl)-3,6-diketopyrrolopyrrole-alt-5,5-(2,5-di(thien-2-yl)thieno [3,2-b]thiophene)]",DPP-DTT,110.0,44.0,2.5,,C2H3-(C8H17)(C10H21),1.0,,,,,,,7964.0,chlorobenzene,8.0,1.0,,,,,,,,,,,2,n-doped Si,SiO2,300.0,,,Au,Cr,BGBC,50.0,2000.0,11.5,,,23,blade,,,,2.0,90.0,,perpendicular,air,56.0,18.0,56.0,0.16,air,,,,,,,,,0.0726718247965534,0.017549,,,-16.3434602988178,,14630.640745802593,backward,saturation,nitrogen,,-80.0,"[-80,10]",Backward Curve Data used
170,159,30,laboratory,,,RV_1.164,M0311A3_9,85,23,"poly[2,5-(2-octyldodecyl)-3,6-diketopyrrolopyrrole-alt-5,5-(2,5-di(thien-2-yl)thieno [3,2-b]thiophene)]",DPP-DTT,110.0,44.0,2.5,,C2H3-(C8H17)(C10H21),1.0,,,,,,,7964.0,chlorobenzene,9.0,1.0,,,,,,,,,,,2,n-doped Si,SiO2,300.0,,,Au,Cr,BGBC,50.0,2000.0,11.5,,,23,blade,,,,2.0,90.0,,perpendicular,air,56.0,18.0,56.0,0.16,air,,,,,,,,,0.06377860003879009,0.01131,,,-11.802599511104434,,12970.329771241983,backward,saturation,nitrogen,,-80.0,"[-80,10]",Backward Curve Data used
171,160,30,laboratory,,,RV_1.164,M0311A3_10,86,23,"poly[2,5-(2-octyldodecyl)-3,6-diketopyrrolopyrrole-alt-5,5-(2,5-di(thien-2-yl)thieno [3,2-b]thiophene)]",DPP-DTT,110.0,44.0,2.5,,C2H3-(C8H17)(C10H21),1.0,,,,,,,7964.0,chlorobenzene,10.0,1.0,,,,,,,,,,,2,n-doped Si,SiO2,300.0,,,Au,Cr,BGBC,50.0,2000.0,11.5,,,23,blade,,,,2.0,90.0,,perpendicular,air,56.0,18.0,56.0,0.16,air,,,,,,,,,0.02764164706635896,0.0035,,,-9.521726163916787,,14729.738626970278,backward,saturation,nitrogen,,-80.0,"[-80,10]",Backward Curve Data used
172,161,30,laboratory,,,RV_1.164,M0311A3_12,87,23,"poly[2,5-(2-octyldodecyl)-3,6-diketopyrrolopyrrole-alt-5,5-(2,5-di(thien-2-yl)thieno [3,2-b]thiophene)]",DPP-DTT,110.0,44.0,2.5,,C2H3-(C8H17)(C10H21),1.0,,,,,,,7964.0,chlorobenzene,12.0,1.0,,,,,,,,,,,2,n-doped Si,SiO2,300.0,,,Au,Cr,BGBC,50.0,2000.0,11.5,,,23,blade,,,,2.0,90.0,,perpendicular,air,56.0,18.0,56.0,0.16,air,,,,,,,,,0.046912305061686276,0.00365,,,-4.499572571932098,,76771.01516504047,backward,saturation,nitrogen,,-80.0,"[-80,10]",Backward Curve Data used
173,162,31,laboratory,,,RV_1.167,M0311A2_2,64,22,"poly[2,5-(2-octyldodecyl)-3,6-diketopyrrolopyrrole-alt-5,5-(2,5-di(thien-2-yl)thieno [3,2-b]thiophene)]",DPP-DTT,204.0,66.0,3.1,,C2H3-(C8H17)(C10H21),1.0,,,,,,,7964.0,chlorobenzene,2.0,1.0,,,,,,,,,,,2,n-doped Si,SiO2,300.0,,,Au,Cr,BGBC,50.0,2000.0,11.5,4.0,OTS-18,23,blade,,,,2.0,90.0,,perpendicular,air,56.0,18.0,56.0,0.16,air,,,,,,,,,0.01194289322668589,0.015217803736615892,,,-33.31568957091112,,7650.295989860804,backward,saturation,nitrogen,,-80.0,"[-80,10]",Backward Curve Data used
174,163,32,laboratory,,,RV_1.168,M0311A2_4,78,22,"poly[2,5-(2-octyldodecyl)-3,6-diketopyrrolopyrrole-alt-5,5-(2,5-di(thien-2-yl)thieno [3,2-b]thiophene)]",DPP-DTT,204.0,66.0,3.1,,C2H3-(C8H17)(C10H21),1.0,,,,,,,7964.0,chlorobenzene,4.0,1.0,,,,,,,,,,,2,n-doped Si,SiO2,300.0,,,Au,Cr,BGBC,50.0,2000.0,11.5,4.0,OTS-18,23,blade,,,,2.0,90.0,,perpendicular,air,56.0,18.0,56.0,0.16,air,,,,,,,,,0.04211967682893608,0.009550148287846612,,,-13.82599963622516,,83852.98947153057,backward,saturation,nitrogen,,-80.0,"[-80,10]",Backward Curve Data used
175,164,32,laboratory,,,RV_1.168,M0311A2_6,65,22,"poly[2,5-(2-octyldodecyl)-3,6-diketopyrrolopyrrole-alt-5,5-(2,5-di(thien-2-yl)thieno [3,2-b]thiophene)]",DPP-DTT,204.0,66.0,3.1,,C2H3-(C8H17)(C10H21),1.0,,,,,,,7964.0,chlorobenzene,6.0,1.0,,,,,,,,,,,2,n-doped Si,SiO2,300.0,,,Au,Cr,BGBC,50.0,2000.0,11.5,4.0,OTS-18,23,blade,,,,2.0,90.0,,perpendicular,air,56.0,18.0,56.0,0.16,air,,,,,,,,,0.14800354504202118,0.05391073438870846,,,-14.607130983620669,,1935.482504272336,backward,saturation,nitrogen,,-80.0,"[-80,10]",Backward Curve Data used
176,165,32,laboratory,,,RV_1.168,M0311A2_7,79,22,"poly[2,5-(2-octyldodecyl)-3,6-diketopyrrolopyrrole-alt-5,5-(2,5-di(thien-2-yl)thieno [3,2-b]thiophene)]",DPP-DTT,204.0,66.0,3.1,,C2H3-(C8H17)(C10H21),1.0,,,,,,,7964.0,chlorobenzene,7.0,1.0,,,,,,,,,,,2,n-doped Si,SiO2,300.0,,,Au,Cr,BGBC,50.0,2000.0,11.5,4.0,OTS-18,23,blade,,,,2.0,90.0,,perpendicular,air,56.0,18.0,56.0,0.16,air,,,,,,,,,0.11180843536589069,0.025930155305069744,,,-14.369137388501787,,8410.752565713497,backward,saturation,nitrogen,,-80.0,"[-80,10]",Backward Curve Data used
177,166,32,laboratory,,,RV_1.168,M0311A2_8,80,22,"poly[2,5-(2-octyldodecyl)-3,6-diketopyrrolopyrrole-alt-5,5-(2,5-di(thien-2-yl)thieno [3,2-b]thiophene)]",DPP-DTT,204.0,66.0,3.1,,C2H3-(C8H17)(C10H21),1.0,,,,,,,7964.0,chlorobenzene,8.0,1.0,,,,,,,,,,,2,n-doped Si,SiO2,300.0,,,Au,Cr,BGBC,50.0,2000.0,11.5,4.0,OTS-18,23,blade,,,,2.0,90.0,,perpendicular,air,56.0,18.0,56.0,0.16,air,,,,,,,,,0.16362647154408475,0.04833421618381182,,,-4.795585346760768,,1353.2652271516577,backward,saturation,nitrogen,,-80.0,"[-80,10]",Backward Curve Data used
178,167,32,laboratory,,,RV_1.168,M0311A2_10,66,22,"poly[2,5-(2-octyldodecyl)-3,6-diketopyrrolopyrrole-alt-5,5-(2,5-di(thien-2-yl)thieno [3,2-b]thiophene)]",DPP-DTT,204.0,66.0,3.1,,C2H3-(C8H17)(C10H21),1.0,,,,,,,7964.0,chlorobenzene,10.0,1.0,,,,,,,,,,,2,n-doped Si,SiO2,300.0,,,Au,Cr,BGBC,50.0,2000.0,11.5,4.0,OTS-18,23,blade,,,,2.0,90.0,,perpendicular,air,56.0,18.0,56.0,0.16,air,,,,,,,,,0.141647658611969,0.047697201841199764,,,-5.310002641653317,,2085.528962997366,backward,saturation,nitrogen,,-80.0,"[-80,10]",Backward Curve Data used
179,168,33,literature,journal_article,10.1021/am507759u,,,88,25,"Poly{[N,N'-bis(2-octyldodecyl)naphthalene-1,4,5,8-bis(dicarboximide)-2,6-diyl]-alt-5,5'-(2,2'-bithiophene)}",N2200,23.0,12.0,1.9,,,1.0,,,,,,,6591.0,"1,1,2,2-tetrachloroethane",7.0,1.0,,,,,,,,,,,28,Au,PMMA,650.0,,,Au,,TGBC,50.0,500.0,3.75,,,24,spin,2000.0,60.0,,,,,,nitrogen,,22.0,110.0,1.0,nitrogen,42.5,,,,,,,,0.0008,,0.38,,,,,,saturation,air,,100.0,"[-20,100]",
180,169,33,literature,journal_article,10.1021/am507759u,,,89,25,"Poly{[N,N'-bis(2-octyldodecyl)naphthalene-1,4,5,8-bis(dicarboximide)-2,6-diyl]-alt-5,5'-(2,2'-bithiophene)}",N2200,23.0,12.0,1.9,,,1.0,,,,,,,6591.0,"1,1,2,2-tetrachloroethane",3.0,1.0,,,,,,,,,,,28,Au,PMMA,650.0,,,Au,,TGBC,50.0,500.0,3.75,,,24,spin,2000.0,60.0,,,,,,nitrogen,,22.0,110.0,1.0,nitrogen,,,,,,,,,0.0001,,0.64,,,,,,saturation,air,,100.0,"[-20,100]",
181,170,33,literature,journal_article,10.1021/am507759u,,,90,25,"Poly{[N,N'-bis(2-octyldodecyl)naphthalene-1,4,5,8-bis(dicarboximide)-2,6-diyl]-alt-5,5'-(2,2'-bithiophene)}",N2200,23.0,12.0,1.9,,,1.0,,,,,,,6591.0,"1,1,2,2-tetrachloroethane",1.0,1.0,,,,,,,,,,,28,Au,PMMA,650.0,,,Au,,TGBC,50.0,500.0,3.75,,,24,spin,2000.0,60.0,,,,,,nitrogen,,22.0,110.0,1.0,nitrogen,,,,,,,,,0.0003,,0.0005,,,,,,saturation,air,,100.0,"[-20,100]",
182,171,33,literature,journal_article,10.1021/am507759u,,,91,25,"Poly{[N,N'-bis(2-octyldodecyl)naphthalene-1,4,5,8-bis(dicarboximide)-2,6-diyl]-alt-5,5'-(2,2'-bithiophene)}",N2200,23.0,12.0,1.9,,,1.0,,,,,,,6591.0,"1,1,2,2-tetrachloroethane",0.5,1.0,,,,,,,,,,,28,Au,PMMA,650.0,,,Au,,TGBC,50.0,500.0,3.75,,,24,spin,2000.0,60.0,,,,,,nitrogen,,22.0,110.0,1.0,nitrogen,,,,,,,,,,,0.0001,,,,,,saturation,air,,100.0,"[-20,100]",
183,172,33,literature,journal_article,10.1021/am507759u,,,92,26,"Poly{[N,N'-bis(2-octyldodecyl)naphthalene-1,4,5,8-bis(dicarboximide)-2,6-diyl]-alt-5,5'-(2,2'-bithiophene)}",N2200,72.0,22.5,3.2,,,1.0,,,,,,,7239.0,"1,2-dichlorobenzene",8.0,1.0,,,,,,,,,,,28,Au,PMMA,650.0,,,Au,,TGBC,50.0,500.0,3.75,,,24,spin,2000.0,60.0,,,,,,nitrogen,,22.0,110.0,1.0,nitrogen,50.0,,,,,,,,0.006,,0.25,,,,,,saturation,air,,100.0,"[-20,100]",
184,173,33,literature,journal_article,10.1021/am507759u,,,93,26,"Poly{[N,N'-bis(2-octyldodecyl)naphthalene-1,4,5,8-bis(dicarboximide)-2,6-diyl]-alt-5,5'-(2,2'-bithiophene)}",N2200,72.0,22.5,3.2,,,1.0,,,,,,,6591.0,"1,1,2,2-tetrachloroethane",7.0,1.0,,,,,,,,,,,28,Au,PMMA,650.0,,,Au,,TGBC,50.0,500.0,3.75,,,24,spin,2000.0,60.0,,,,,,nitrogen,,22.0,110.0,1.0,nitrogen,40.0,,,,,,,,0.009,,0.3,,,,,,saturation,air,,100.0,"[-20,100]",
185,174,33,literature,journal_article,10.1021/am507759u,,,94,26,"Poly{[N,N'-bis(2-octyldodecyl)naphthalene-1,4,5,8-bis(dicarboximide)-2,6-diyl]-alt-5,5'-(2,2'-bithiophene)}",N2200,72.0,22.5,3.2,,,1.0,,,,,,,6591.0,"1,1,2,2-tetrachloroethane",3.0,1.0,,,,,,,,,,,28,Au,PMMA,650.0,,,Au,,TGBC,50.0,500.0,3.75,,,24,spin,2000.0,60.0,,,,,,nitrogen,,22.0,110.0,1.0,nitrogen,,,,,,,,,0.007,,0.275,,,,,,saturation,air,,100.0,"[-20,100]",
186,175,33,literature,journal_article,10.1021/am507759u,,,95,26,"Poly{[N,N'-bis(2-octyldodecyl)naphthalene-1,4,5,8-bis(dicarboximide)-2,6-diyl]-alt-5,5'-(2,2'-bithiophene)}",N2200,72.0,22.5,3.2,,,1.0,,,,,,,6591.0,"1,1,2,2-tetrachloroethane",1.0,1.0,,,,,,,,,,,28,Au,PMMA,650.0,,,Au,,TGBC,50.0,500.0,3.75,,,24,spin,2000.0,60.0,,,,,,nitrogen,,22.0,110.0,1.0,nitrogen,,,,,,,,,0.001,,0.0125,,,,,,saturation,air,,100.0,"[-20,100]",
187,176,33,literature,journal_article,10.1021/am507759u,,,96,27,"Poly{[N,N'-bis(2-octyldodecyl)naphthalene-1,4,5,8-bis(dicarboximide)-2,6-diyl]-alt-5,5'-(2,2'-bithiophene)}",N2200,250.0,108.7,2.3,,,1.0,,,,,,,7239.0,"1,2-dichlorobenzene",8.0,1.0,,,,,,,,,,,28,Au,PMMA,650.0,,,Au,,TGBC,50.0,500.0,3.75,,,24,spin,2000.0,60.0,,,,,,nitrogen,,22.0,110.0,1.0,nitrogen,50.0,,,,,,,,0.01,,0.23,,,,,,saturation,air,,100.0,"[-20,100]",
188,177,33,literature,journal_article,10.1021/am507759u,,,97,27,"Poly{[N,N'-bis(2-octyldodecyl)naphthalene-1,4,5,8-bis(dicarboximide)-2,6-diyl]-alt-5,5'-(2,2'-bithiophene)}",N2200,250.0,108.7,2.3,,,1.0,,,,,,,6591.0,"1,1,2,2-tetrachloroethane",7.0,1.0,,,,,,,,,,,28,Au,PMMA,650.0,,,Au,,TGBC,50.0,500.0,3.75,,,24,spin,2000.0,60.0,,,,,,nitrogen,,22.0,110.0,1.0,nitrogen,40.0,,,,,,,,0.009,,0.2,,,,,,saturation,air,,100.0,"[-20,100]",
189,178,33,literature,journal_article,10.1021/am507759u,,,98,27,"Poly{[N,N'-bis(2-octyldodecyl)naphthalene-1,4,5,8-bis(dicarboximide)-2,6-diyl]-alt-5,5'-(2,2'-bithiophene)}",N2200,250.0,108.7,2.3,,,1.0,,,,,,,6591.0,"1,1,2,2-tetrachloroethane",3.0,1.0,,,,,,,,,,,28,Au,PMMA,650.0,,,Au,,TGBC,50.0,500.0,3.75,,,24,spin,2000.0,60.0,,,,,,nitrogen,,22.0,110.0,1.0,nitrogen,,,,,,,,,0.006,,0.15,,,,,,saturation,air,,100.0,"[-20,100]",
190,179,33,literature,journal_article,10.1021/am507759u,,,99,27,"Poly{[N,N'-bis(2-octyldodecyl)naphthalene-1,4,5,8-bis(dicarboximide)-2,6-diyl]-alt-5,5'-(2,2'-bithiophene)}",N2200,250.0,108.7,2.3,,,1.0,,,,,,,6591.0,"1,1,2,2-tetrachloroethane",1.0,1.0,,,,,,,,,,,28,Au,PMMA,650.0,,,Au,,TGBC,50.0,500.0,3.75,,,24,spin,2000.0,60.0,,,,,,nitrogen,,22.0,110.0,1.0,nitrogen,,,,,,,,,0.001,,0.015,,,,,,saturation,air,,100.0,"[-20,100]",
191,180,33,literature,journal_article,10.1021/am507759u,,,100,27,"Poly{[N,N'-bis(2-octyldodecyl)naphthalene-1,4,5,8-bis(dicarboximide)-2,6-diyl]-alt-5,5'-(2,2'-bithiophene)}",N2200,250.0,108.7,2.3,,,1.0,,,,,,,6591.0,"1,1,2,2-tetrachloroethane",0.5,1.0,,,,,,,,,,,28,Au,PMMA,650.0,,,Au,,TGBC,50.0,500.0,3.75,,,24,spin,2000.0,60.0,,,,,,nitrogen,,22.0,110.0,1.0,nitrogen,,,,,,,,,,,0.0001,,,,,,saturation,nitrogen,,100.0,"[-20,100]",
192,181,34,literature,journal_article,10.1002/adfm.201604744,,,101,28,"Poly{[N,N'-bis(2-octyldodecyl)naphthalene-1,4,5,8-bis(dicarboximide)-2,6-diyl]-alt-5,5'-(2,2'-bithiophene)}",N2200,14.0,10.0,1.4,,,1.0,,,,,,,7239.0,"1,2-dichlorobenzene",9.0,1.0,,,,,,,,,,,29,Al,CYTOP,500.0,,,Au,,TGBC,20.0,10000.0,,15.0,plasma_treatment,24,spin,2000.0,60.0,,,,,,nitrogen,,23.0,110.0,0.33,nitrogen,,,24.2,4.1,208.0,15.5,,,,,0.26,,,,100000.0,,saturation,nitrogen,,60.0,"[-20,60]",
193,182,34,literature,journal_article,10.1002/adfm.201604744,,,101,28,"Poly{[N,N'-bis(2-octyldodecyl)naphthalene-1,4,5,8-bis(dicarboximide)-2,6-diyl]-alt-5,5'-(2,2'-bithiophene)}",N2200,14.0,10.0,1.4,,,1.0,,,,,,,7239.0,"1,2-dichlorobenzene",9.0,1.0,,,,,,,,,,,30,Al,CYTOP,500.0,,,Au,,TGBC,10.0,10000.0,,15.0,plasma_treatment,24,spin,2000.0,60.0,,,,,,nitrogen,,23.0,110.0,0.33,nitrogen,,,24.2,4.1,208.0,15.5,,,,,0.3,,,,100000.0,,saturation,nitrogen,,60.0,"[-20,60]",
194,183,34,literature,journal_article,10.1002/adfm.201604744,,,101,28,"Poly{[N,N'-bis(2-octyldodecyl)naphthalene-1,4,5,8-bis(dicarboximide)-2,6-diyl]-alt-5,5'-(2,2'-bithiophene)}",N2200,14.0,10.0,1.4,,,1.0,,,,,,,7239.0,"1,2-dichlorobenzene",9.0,1.0,,,,,,,,,,,31,Al,CYTOP,500.0,,,Au,,TGBC,5.0,10000.0,,15.0,plasma_treatment,24,spin,2000.0,60.0,,,,,,nitrogen,,23.0,110.0,0.33,nitrogen,,,24.2,4.1,208.0,15.5,,,,,0.26,,,,100000.0,,saturation,nitrogen,,60.0,"[-20,60]",
195,184,34,literature,journal_article,10.1002/adfm.201604744,,,102,29,"Poly{[N,N'-bis(2-octyldodecyl)naphthalene-1,4,5,8-bis(dicarboximide)-2,6-diyl]-alt-5,5'-(2,2'-bithiophene)}",N2200,38.0,17.0,2.23,,,1.0,,,,,,,7239.0,"1,2-dichlorobenzene",9.0,1.0,,,,,,,,,,,29,Al,CYTOP,500.0,,,Au,,TGBC,20.0,10000.0,,15.0,plasma_treatment,24,spin,2000.0,60.0,,,,,,nitrogen,,23.0,110.0,0.33,nitrogen,,,24.6,4.0,258.0,20.4,,,,,0.21,,,,,,saturation,nitrogen,,60.0,"[-20,60]",
196,185,34,literature,journal_article,10.1002/adfm.201604744,,,102,29,"Poly{[N,N'-bis(2-octyldodecyl)naphthalene-1,4,5,8-bis(dicarboximide)-2,6-diyl]-alt-5,5'-(2,2'-bithiophene)}",N2200,38.0,17.0,2.23,,,1.0,,,,,,,7239.0,"1,2-dichlorobenzene",9.0,1.0,,,,,,,,,,,30,Al,CYTOP,500.0,,,Au,,TGBC,10.0,10000.0,,15.0,plasma_treatment,24,spin,2000.0,60.0,,,,,,nitrogen,,23.0,110.0,0.33,nitrogen,,,24.6,4.0,258.0,20.4,,,,,0.2,,,,,,saturation,nitrogen,,60.0,"[-20,60]",
197,186,34,literature,journal_article,10.1002/adfm.201604744,,,102,29,"Poly{[N,N'-bis(2-octyldodecyl)naphthalene-1,4,5,8-bis(dicarboximide)-2,6-diyl]-alt-5,5'-(2,2'-bithiophene)}",N2200,38.0,17.0,2.23,,,1.0,,,,,,,7239.0,"1,2-dichlorobenzene",9.0,1.0,,,,,,,,,,,31,Al,CYTOP,500.0,,,Au,,TGBC,5.0,10000.0,,15.0,plasma_treatment,24,spin,2000.0,60.0,,,,,,nitrogen,,23.0,110.0,0.33,nitrogen,,,24.6,4.0,258.0,20.4,,,,,0.21,,,,,,saturation,nitrogen,,60.0,"[-20,60]",
198,187,34,literature,journal_article,10.1002/adfm.201604744,,,103,30,"Poly{[N,N'-bis(2-octyldodecyl)naphthalene-1,4,5,8-bis(dicarboximide)-2,6-diyl]-alt-5,5'-(2,2'-bithiophene)}",N2200,91.0,30.0,3.03,,,1.0,,,,,,,7239.0,"1,2-dichlorobenzene",9.0,1.0,,,,,,,,,,,29,Al,CYTOP,500.0,,,Au,,TGBC,20.0,10000.0,,15.0,plasma_treatment,24,spin,2000.0,60.0,,,,,,nitrogen,,23.0,110.0,0.33,nitrogen,,,24.7,4.0,243.0,18.7,,,,,0.2,,,,,,saturation,nitrogen,,60.0,"[-20,60]",
199,188,34,literature,journal_article,10.1002/adfm.201604744,,,103,30,"Poly{[N,N'-bis(2-octyldodecyl)naphthalene-1,4,5,8-bis(dicarboximide)-2,6-diyl]-alt-5,5'-(2,2'-bithiophene)}",N2200,91.0,30.0,3.03,,,1.0,,,,,,,7239.0,"1,2-dichlorobenzene",9.0,1.0,,,,,,,,,,,30,Al,CYTOP,500.0,,,Au,,TGBC,10.0,10000.0,,15.0,plasma_treatment,24,spin,2000.0,60.0,,,,,,nitrogen,,23.0,110.0,0.33,nitrogen,,,24.7,4.0,243.0,18.7,,,,,0.21,,,,,,saturation,nitrogen,,60.0,"[-20,60]",
200,189,34,literature,journal_article,10.1002/adfm.201604744,,,103,30,"Poly{[N,N'-bis(2-octyldodecyl)naphthalene-1,4,5,8-bis(dicarboximide)-2,6-diyl]-alt-5,5'-(2,2'-bithiophene)}",N2200,91.0,30.0,3.03,,,1.0,,,,,,,7239.0,"1,2-dichlorobenzene",9.0,1.0,,,,,,,,,,,31,Al,CYTOP,500.0,,,Au,,TGBC,5.0,10000.0,,15.0,plasma_treatment,24,spin,2000.0,60.0,,,,,,nitrogen,,23.0,110.0,0.33,nitrogen,,,24.7,4.0,243.0,18.7,,,,,0.23,,,,,,saturation,nitrogen,,60.0,"[-20,60]",
201,190,34,literature,journal_article,10.1002/adfm.201604744,,,104,31,"Poly{[N,N'-bis(2-octyldodecyl)naphthalene-1,4,5,8-bis(dicarboximide)-2,6-diyl]-alt-5,5'-(2,2'-bithiophene)}",N2200,124.0,35.0,3.5,,,1.0,,,,,,,7239.0,"1,2-dichlorobenzene",9.0,1.0,,,,,,,,,,,29,Al,CYTOP,500.0,,,Au,,TGBC,20.0,10000.0,,15.0,plasma_treatment,24,spin,2000.0,60.0,,,,,,nitrogen,,23.0,110.0,0.33,nitrogen,,,24.8,4.0,218.0,20.0,,,,,0.19,,,,,,saturation,nitrogen,,60.0,"[-20,60]",
202,191,34,literature,journal_article,10.1002/adfm.201604744,,,104,31,"Poly{[N,N'-bis(2-octyldodecyl)naphthalene-1,4,5,8-bis(dicarboximide)-2,6-diyl]-alt-5,5'-(2,2'-bithiophene)}",N2200,124.0,35.0,3.5,,,1.0,,,,,,,7239.0,"1,2-dichlorobenzene",9.0,1.0,,,,,,,,,,,30,Al,CYTOP,500.0,,,Au,,TGBC,10.0,10000.0,,15.0,plasma_treatment,24,spin,2000.0,60.0,,,,,,nitrogen,,23.0,110.0,0.33,nitrogen,,,24.8,4.0,218.0,20.0,,,,,0.2,,,,,,saturation,nitrogen,,60.0,"[-20,60]",
203,192,34,literature,journal_article,10.1002/adfm.201604744,,,104,31,"Poly{[N,N'-bis(2-octyldodecyl)naphthalene-1,4,5,8-bis(dicarboximide)-2,6-diyl]-alt-5,5'-(2,2'-bithiophene)}",N2200,124.0,35.0,3.5,,,1.0,,,,,,,7239.0,"1,2-dichlorobenzene",9.0,1.0,,,,,,,,,,,31,Al,CYTOP,500.0,,,Au,,TGBC,5.0,10000.0,,15.0,plasma_treatment,24,spin,2000.0,60.0,,,,,,nitrogen,,23.0,110.0,0.33,nitrogen,,,24.8,4.0,218.0,20.0,,,,,0.26,,,,,,saturation,nitrogen,,60.0,"[-20,60]",
204,193,34,literature,journal_article,10.1002/adfm.201604744,,,105,32,"Poly{[N,N'-bis(2-octyldodecyl)naphthalene-1,4,5,8-bis(dicarboximide)-2,6-diyl]-alt-5,5'-(2,2'-bithiophene)}",N2200,123.0,41.0,3.0,,,1.0,,,,,,,7239.0,"1,2-dichlorobenzene",9.0,1.0,,,,,,,,,,,29,Al,CYTOP,500.0,,,Au,,TGBC,20.0,10000.0,,15.0,plasma_treatment,24,spin,2000.0,60.0,,,,,,nitrogen,,23.0,110.0,0.33,nitrogen,,,24.8,4.0,214.0,18.1,,,,,0.15,,,,,,saturation,nitrogen,,60.0,"[-20,60]",
205,194,34,literature,journal_article,10.1002/adfm.201604744,,,105,32,"Poly{[N,N'-bis(2-octyldodecyl)naphthalene-1,4,5,8-bis(dicarboximide)-2,6-diyl]-alt-5,5'-(2,2'-bithiophene)}",N2200,123.0,41.0,3.0,,,1.0,,,,,,,7239.0,"1,2-dichlorobenzene",9.0,1.0,,,,,,,,,,,30,Al,CYTOP,500.0,,,Au,,TGBC,10.0,10000.0,,15.0,plasma_treatment,24,spin,2000.0,60.0,,,,,,nitrogen,,23.0,110.0,0.33,nitrogen,,,24.8,4.0,214.0,18.1,,,,,0.17,,,,,,saturation,nitrogen,,60.0,"[-20,60]",
206,195,34,literature,journal_article,10.1002/adfm.201604744,,,105,32,"Poly{[N,N'-bis(2-octyldodecyl)naphthalene-1,4,5,8-bis(dicarboximide)-2,6-diyl]-alt-5,5'-(2,2'-bithiophene)}",N2200,123.0,41.0,3.0,,,1.0,,,,,,,7239.0,"1,2-dichlorobenzene",9.0,1.0,,,,,,,,,,,31,Al,CYTOP,500.0,,,Au,,TGBC,5.0,10000.0,,15.0,plasma_treatment,24,spin,2000.0,60.0,,,,,,nitrogen,,23.0,110.0,0.33,nitrogen,,,24.8,4.0,214.0,18.1,,,,,0.22,,,,,,saturation,nitrogen,,60.0,"[-20,60]",
207,196,35,literature,journal_article,10.1002/aelm.201700559,,,106,33,"Poly{[N,N'-bis(2-octyldodecyl)naphthalene-1,4,5,8-bis(dicarboximide)-2,6-diyl]-alt-5,5'-(2,2'-bithiophene)}",N2200,,,,,,1.0,,,,,,,7003.0,1-chloronaphthalene,15.0,0.5,7809.0,"1,4-xylene",0.5,,,,,,,,29,Al,CYTOP,500.0,,,Au,,TGBC,20.0,10000.0,,15.0,plasma_treatment,25,spin,12000.0,60.0,,,,,,air,,24.0,110.0,0.33,air,,,25.2,4.0,224.0,47.0,,,,,0.29,,,5.2,5500.0,,saturation,,,60.0,"[-20,60]",
208,197,35,literature,journal_article,10.1002/aelm.201700559,,,107,33,"Poly{[N,N'-bis(2-octyldodecyl)naphthalene-1,4,5,8-bis(dicarboximide)-2,6-diyl]-alt-5,5'-(2,2'-bithiophene)}",N2200,,,,,,1.0,,,,,,,7239.0,"1,2-dichlorobenzene",15.0,1.0,,,,,,,,,,,29,Al,CYTOP,500.0,,,Au,,TGBC,20.0,10000.0,,15.0,plasma_treatment,26,spin,2000.0,60.0,,,,,,air,,24.0,110.0,0.33,air,,,25.2,3.9,255.0,40.0,,,,,0.21,,,4.8,5500.0,,saturation,,,60.0,"[-20,60]",
209,198,35,literature,journal_article,10.1002/aelm.201700559,,,108,33,"Poly{[N,N'-bis(2-octyldodecyl)naphthalene-1,4,5,8-bis(dicarboximide)-2,6-diyl]-alt-5,5'-(2,2'-bithiophene)}",N2200,,,,,,1.0,,,,,,,6212.0,chloroform,3.75,1.0,,,,,,,,,,,29,Al,CYTOP,500.0,,,Au,,TGBC,20.0,10000.0,,15.0,plasma_treatment,10,spin,1000.0,60.0,,,,,,air,,24.0,110.0,0.33,air,,,25.3,3.9,270.0,39.0,,,,,0.43,,,6.5,10000.0,,saturation,,,60.0,"[-20,60]",
210,199,35,literature,journal_article,10.1002/aelm.201700559,,,109,33,"Poly{[N,N'-bis(2-octyldodecyl)naphthalene-1,4,5,8-bis(dicarboximide)-2,6-diyl]-alt-5,5'-(2,2'-bithiophene)}",N2200,,,,,,1.0,,,,,,,7964.0,chlorobenzene,7.5,1.0,,,,,,,,,,,29,Al,CYTOP,500.0,,,Au,,TGBC,20.0,10000.0,,15.0,plasma_treatment,10,spin,1000.0,60.0,,,,,,air,,24.0,110.0,0.33,air,,,25.3,3.9,275.0,22.0,,,,,0.31,,,5.1,55000.0,,saturation,,,60.0,"[-20,60]",
211,200,35,literature,journal_article,10.1002/aelm.201700559,,,110,33,"Poly{[N,N'-bis(2-octyldodecyl)naphthalene-1,4,5,8-bis(dicarboximide)-2,6-diyl]-alt-5,5'-(2,2'-bithiophene)}",N2200,,,,,,1.0,,,,,,,1140.0,toluene,7.5,1.0,,,,,,,,,,,29,Al,CYTOP,500.0,,,Au,,TGBC,20.0,10000.0,,15.0,plasma_treatment,27,spin,8000.0,60.0,,,,,,air,,24.0,110.0,0.33,air,,,25.5,4.0,298.0,50.0,,,,,0.55,,,6.2,100000.0,,saturation,,,60.0,"[-20,60]",
212,201,35,literature,journal_article,10.1002/aelm.201700559,,,111,33,"Poly{[N,N'-bis(2-octyldodecyl)naphthalene-1,4,5,8-bis(dicarboximide)-2,6-diyl]-alt-5,5'-(2,2'-bithiophene)}",N2200,,,,,,1.0,,,,,,,7809.0,"1,4-xylene",15.0,1.0,,,,,,,,,,,29,Al,CYTOP,500.0,,,Au,,TGBC,20.0,10000.0,,15.0,plasma_treatment,25,spin,12000.0,60.0,,,,,,air,,24.0,110.0,0.33,air,,,25.5,4.0,318.0,46.0,,,,,0.56,,,5.0,100000.0,,saturation,,,60.0,"[-20,60]",
213,202,36,literature,journal_article,10.1021/acsami.0c07385,,,112,33,"Poly{[N,N'-bis(2-octyldodecyl)naphthalene-1,4,5,8-bis(dicarboximide)-2,6-diyl]-alt-5,5'-(2,2'-bithiophene)}",N2200,,,,,,1.0,,,,,,,7003.0,1-chloronaphthalene,10.0,1.0,,,,,,,,,,,32,Al,PMMA,500.0,,,Au,,TGBC,,,,16.0,uv_ozone,28,blade,,,100.0,2.0,8.0,,,,25.0,25.0,200.0,0.5,nitrogen,,,,,,,,,,,0.05,,,16.69,1000.0,,saturation,,,60.0,"[-10,60]",
214,203,36,literature,journal_article,10.1021/acsami.0c07385,,,112,33,"Poly{[N,N'-bis(2-octyldodecyl)naphthalene-1,4,5,8-bis(dicarboximide)-2,6-diyl]-alt-5,5'-(2,2'-bithiophene)}",N2200,,,,,,1.0,,,,,,,7003.0,1-chloronaphthalene,10.0,1.0,,,,,,,,,,,32,Al,PMMA,500.0,,,Au,,TGBC,,,,16.0,uv_ozone,29,blade,,,100.0,2.0,8.0,,,,50.0,25.0,200.0,0.5,nitrogen,,,22.13,,115.4,,,,,,0.07,,,7.17,10000.0,,saturation,,,60.0,"[-10,60]",
215,204,36,literature,journal_article,10.1021/acsami.0c07385,,,112,33,"Poly{[N,N'-bis(2-octyldodecyl)naphthalene-1,4,5,8-bis(dicarboximide)-2,6-diyl]-alt-5,5'-(2,2'-bithiophene)}",N2200,,,,,,1.0,,,,,,,7003.0,1-chloronaphthalene,10.0,1.0,,,,,,,,,,,32,Al,PMMA,500.0,,,Au,,TGBC,,,,16.0,uv_ozone,30,blade,,,100.0,2.0,8.0,,,,75.0,25.0,200.0,0.5,nitrogen,,,,,,,,,,,0.28,,,17.78,10000.0,,saturation,nitrogen,,60.0,"[-10,60]",
216,205,36,literature,journal_article,10.1021/acsami.0c07385,,,112,33,"Poly{[N,N'-bis(2-octyldodecyl)naphthalene-1,4,5,8-bis(dicarboximide)-2,6-diyl]-alt-5,5'-(2,2'-bithiophene)}",N2200,,,,,,1.0,,,,,,,7003.0,1-chloronaphthalene,10.0,1.0,,,,,,,,,,,32,Al,PMMA,500.0,,,Au,,TGBC,,,,16.0,uv_ozone,31,blade,,,100.0,2.0,8.0,,,,100.0,25.0,200.0,0.5,nitrogen,,,23.17,4.06,92.28,,,,,,2.53,,,23.16,10000.0,,saturation,nitrogen,,60.0,"[-10,60]",
217,206,36,literature,journal_article,10.1021/acsami.0c07385,,,112,33,"Poly{[N,N'-bis(2-octyldodecyl)naphthalene-1,4,5,8-bis(dicarboximide)-2,6-diyl]-alt-5,5'-(2,2'-bithiophene)}",N2200,,,,,,1.0,,,,,,,7003.0,1-chloronaphthalene,10.0,1.0,,,,,,,,,,,32,Al,PMMA,500.0,,,Au,,TGBC,,,,16.0,uv_ozone,32,blade,,,100.0,2.0,8.0,,,,125.0,25.0,200.0,0.5,nitrogen,,,,,,,,,,,0.92,,,20.02,10000.0,,saturation,nitrogen,,60.0,"[-10,60]",
218,207,36,literature,journal_article,10.1021/acsami.0c07385,,,113,33,"Poly{[N,N'-bis(2-octyldodecyl)naphthalene-1,4,5,8-bis(dicarboximide)-2,6-diyl]-alt-5,5'-(2,2'-bithiophene)}",N2200,,,,,,1.0,,,,,,,7947.0,"1,3,5-trimethylbenzene",10.0,1.0,,,,,,,,,,,32,Al,PMMA,500.0,,,Au,,TGBC,,,,16.0,uv_ozone,28,blade,,,100.0,2.0,8.0,,,,25.0,25.0,200.0,0.5,nitrogen,,,26.17,4.01,43.89,,,,,,2.03,,,24.52,10000.0,,saturation,nitrogen,,60.0,"[-10,60]",
219,208,36,literature,journal_article,10.1021/acsami.0c07385,,,113,33,"Poly{[N,N'-bis(2-octyldodecyl)naphthalene-1,4,5,8-bis(dicarboximide)-2,6-diyl]-alt-5,5'-(2,2'-bithiophene)}",N2200,,,,,,1.0,,,,,,,7947.0,"1,3,5-trimethylbenzene",10.0,1.0,,,,,,,,,,,32,Al,PMMA,500.0,,,Au,,TGBC,,,,16.0,uv_ozone,29,blade,,,100.0,2.0,8.0,,,,50.0,25.0,200.0,0.5,nitrogen,,,25.01,4.06,47.33,,,,,,0.56,,,20.68,10000.0,,saturation,nitrogen,,60.0,"[-10,60]",
220,209,36,literature,journal_article,10.1021/acsami.0c07385,,,113,33,"Poly{[N,N'-bis(2-octyldodecyl)naphthalene-1,4,5,8-bis(dicarboximide)-2,6-diyl]-alt-5,5'-(2,2'-bithiophene)}",N2200,,,,,,1.0,,,,,,,7947.0,"1,3,5-trimethylbenzene",10.0,1.0,,,,,,,,,,,32,Al,PMMA,500.0,,,Au,,TGBC,,,,16.0,uv_ozone,30,blade,,,100.0,2.0,8.0,,,,75.0,25.0,200.0,0.5,nitrogen,,,,,,,,,,,0.2,,,17.25,10000.0,,saturation,nitrogen,,60.0,"[-10,60]",
221,210,36,literature,journal_article,10.1021/acsami.0c07385,,,113,33,"Poly{[N,N'-bis(2-octyldodecyl)naphthalene-1,4,5,8-bis(dicarboximide)-2,6-diyl]-alt-5,5'-(2,2'-bithiophene)}",N2200,,,,,,1.0,,,,,,,7947.0,"1,3,5-trimethylbenzene",10.0,1.0,,,,,,,,,,,32,Al,PMMA,500.0,,,Au,,TGBC,,,,16.0,uv_ozone,31,blade,,,100.0,2.0,8.0,,,,100.0,25.0,200.0,0.5,nitrogen,,,,,,,,,,,0.1,,,15.6,10000.0,,saturation,nitrogen,,60.0,"[-10,60]",
222,211,36,literature,journal_article,10.1021/acsami.0c07385,,,113,33,"Poly{[N,N'-bis(2-octyldodecyl)naphthalene-1,4,5,8-bis(dicarboximide)-2,6-diyl]-alt-5,5'-(2,2'-bithiophene)}",N2200,,,,,,1.0,,,,,,,7947.0,"1,3,5-trimethylbenzene",10.0,1.0,,,,,,,,,,,32,Al,PMMA,500.0,,,Au,,TGBC,,,,16.0,uv_ozone,32,blade,,,100.0,2.0,8.0,,,,125.0,25.0,200.0,0.5,nitrogen,,,,,,,,,,,0.08,,,16.5,10000.0,,saturation,nitrogen,,60.0,"[-10,60]",
223,212,37,literature,journal_article,10.1021/acs.chemmater.8b05114,,,114,34,"Poly{[N,N'-bis(2-octyldodecyl)naphthalene-1,4,5,8-bis(dicarboximide)-2,6-diyl]-alt-5,5'-(2,2'-bithiophene)}",N2200,26.6,15.2,1.75,,,1.0,,,,,,,7964.0,chlorobenzene,2.0,1.0,,,,,,,,,,,33,Al,PMMA,,,,Au,,TGBC,150.0,1500.0,3.0,,,33,spin,2000.0,60.0,,,,,,,,26.0,220.0,0.5,,,,,,,,,,,,0.25,,,12.5,10000.0,,saturation,,,60.0,"[-10,60]",
224,213,37,literature,journal_article,10.1021/acs.chemmater.8b05114,,,115,35,"Poly{[N,N'-bis(2-octyldodecyl)naphthalene-1,4,5,8-bis(dicarboximide)-2,6-diyl]-alt-5,5'-(2,2'-bithiophene)}",N2200,50.43,20.5,2.46,,,1.0,,,,,,,7964.0,chlorobenzene,2.0,1.0,,,,,,,,,,,33,Al,PMMA,,,,Au,,TGBC,150.0,1500.0,3.0,,,33,spin,2000.0,60.0,,,,,,,,26.0,220.0,0.5,,,,,,,,,,,,0.26,,,24.1,1000.0,,saturation,,,60.0,"[-10,60]",
225,214,37,literature,journal_article,10.1021/acs.chemmater.8b05114,,,116,36,"Poly{[N,N'-bis(2-octyldodecyl)naphthalene-1,4,5,8-bis(dicarboximide)-2,6-diyl]-alt-5,5'-(2,2'-bithiophene)}",N2200,99.5,48.3,2.06,,,1.0,,,,,,,7964.0,chlorobenzene,2.0,1.0,,,,,,,,,,,33,Al,PMMA,,,,Au,,TGBC,150.0,1500.0,3.0,,,33,spin,2000.0,60.0,,,,,,,,26.0,220.0,0.5,,,,,,,,,,,,0.33,,,13.9,10000.0,,saturation,,,60.0,"[-10,60]",
226,215,37,literature,journal_article,10.1021/acs.chemmater.8b05114,,,117,37,"Poly{[N,N'-bis(2-octyldodecyl)naphthalene-1,4,5,8-bis(dicarboximide)-2,6-diyl]-alt-5,5'-(2,2'-bithiophene)}",N2200,236.0,103.5,2.28,,,1.0,,,,,,,7964.0,chlorobenzene,2.0,1.0,,,,,,,,,,,33,Al,PMMA,,,,Au,,TGBC,150.0,1500.0,3.0,,,33,spin,2000.0,60.0,,,,,,,,26.0,220.0,0.5,,,,,,,,,,,,0.21,,,4.4,100000.0,,saturation,,,60.0,"[-10,60]",
227,216,37,literature,journal_article,10.1021/acs.chemmater.8b05114,,,118,38,"Poly{[N,N'-bis(2-octyldodecyl)naphthalene-1,4,5,8-bis(dicarboximide)-2,6-diyl]-alt-5,5'-(2,2'-bithiophene)}",N2200,394.34,163.2,2.42,,,1.0,,,,,,,7964.0,chlorobenzene,2.0,1.0,,,,,,,,,,,33,Al,PMMA,,,,Au,,TGBC,150.0,1500.0,3.0,,,33,spin,2000.0,60.0,,,,,,,,26.0,220.0,0.5,,,,,,,,,,,,0.12,,,4.5,100000.0,,saturation,,,60.0,"[-10,60]",
228,217,38,literature,journal_article,10.1073/pnas.1501381112,,,119,33,"Poly{[N,N'-bis(2-octyldodecyl)naphthalene-1,4,5,8-bis(dicarboximide)-2,6-diyl]-alt-5,5'-(2,2'-bithiophene)}",N2200,,,,,,1.0,,,,,,,7239.0,"1,2-dichlorobenzene",8.0,1.0,,,,,,,,,,,34,Al,PTrFE,600.0,,,Au,,TGBC,30.0,500.0,,,,34,spin,1000.0,90.0,,,,,,,,27.0,120.0,0.5,nitrogen,,,,,251.0,20.0,,,0.0081,,0.022,,,,,,saturation,air,,60.0,"[-60,30]",
229,218,38,literature,journal_article,10.1073/pnas.1501381112,,,120,33,"Poly{[N,N'-bis(2-octyldodecyl)naphthalene-1,4,5,8-bis(dicarboximide)-2,6-diyl]-alt-5,5'-(2,2'-bithiophene)}",N2200,,,,,,0.4,,,,,,,7239.0,"1,2-dichlorobenzene",8.0,1.0,,,,,,,,,,,34,Al,PTrFE,600.0,,,Au,,TGBC,30.0,500.0,,,,34,spin,1000.0,90.0,,,,,,,,27.0,120.0,0.5,nitrogen,,,,,251.0,20.0,,,,,,,,,,,saturation,air,,60.0,"[-60,30]",
230,219,38,literature,journal_article,10.1073/pnas.1501381112,,,121,33,"Poly{[N,N'-bis(2-octyldodecyl)naphthalene-1,4,5,8-bis(dicarboximide)-2,6-diyl]-alt-5,5'-(2,2'-bithiophene)}",N2200,,,,,,0.1,,,,,,,7239.0,"1,2-dichlorobenzene",8.0,1.0,,,,,,,,,,,34,Al,PTrFE,600.0,,,Au,,TGBC,30.0,500.0,,,,34,spin,1000.0,90.0,,,,,,,,27.0,120.0,0.5,nitrogen,,,,,185.0,15.0,,,0.0076,,0.017,,,,,,saturation,air,,60.0,"[-60,30]",
231,220,38,literature,journal_article,10.1073/pnas.1501381112,,,122,33,"Poly{[N,N'-bis(2-octyldodecyl)naphthalene-1,4,5,8-bis(dicarboximide)-2,6-diyl]-alt-5,5'-(2,2'-bithiophene)}",N2200,,,,,,0.05,,,,,,,7239.0,"1,2-dichlorobenzene",8.0,1.0,,,,,,,,,,,34,Al,PTrFE,600.0,,,Au,,TGBC,30.0,500.0,,,,34,spin,1000.0,90.0,,,,,,,,27.0,120.0,0.5,nitrogen,,,,,91.0,,,,0.027,,0.09,,,,,,saturation,air,,60.0,"[-60,30]",
232,221,38,literature,journal_article,10.1073/pnas.1501381112,,,123,33,"Poly{[N,N'-bis(2-octyldodecyl)naphthalene-1,4,5,8-bis(dicarboximide)-2,6-diyl]-alt-5,5'-(2,2'-bithiophene)}",N2200,,,,,,0.03,,,,,,,7239.0,"1,2-dichlorobenzene",8.0,1.0,,,,,,,,,,,34,Al,PTrFE,600.0,,,Au,,TGBC,30.0,500.0,,,,34,spin,1000.0,90.0,,,,,,,,27.0,120.0,0.5,nitrogen,,,,,,,,,0.017,,0.1,,,,,,saturation,air,,60.0,"[-60,30]",
233,222,38,literature,journal_article,10.1073/pnas.1501381112,,,124,33,"Poly{[N,N'-bis(2-octyldodecyl)naphthalene-1,4,5,8-bis(dicarboximide)-2,6-diyl]-alt-5,5'-(2,2'-bithiophene)}",N2200,,,,,,0.02,,,,,,,7239.0,"1,2-dichlorobenzene",8.0,1.0,,,,,,,,,,,34,Al,PTrFE,600.0,,,Au,,TGBC,30.0,500.0,,,,34,spin,1000.0,90.0,,,,,,,,27.0,120.0,0.5,nitrogen,,,,,,,,,0.01,,0.053,,,,,,saturation,air,,60.0,"[-60,30]",
234,223,38,literature,journal_article,10.1073/pnas.1501381112,,,125,33,"Poly{[N,N'-bis(2-octyldodecyl)naphthalene-1,4,5,8-bis(dicarboximide)-2,6-diyl]-alt-5,5'-(2,2'-bithiophene)}",N2200,,,,,,0.01,,,,,,,7239.0,"1,2-dichlorobenzene",8.0,1.0,,,,,,,,,,,34,Al,PTrFE,600.0,,,Au,,TGBC,30.0,500.0,,,,34,spin,1000.0,90.0,,,,,,,,27.0,120.0,0.5,nitrogen,,,,,,,,,0.07,,0.027,,,,,,saturation,air,,60.0,"[-60,30]",
235,224,38,literature,journal_article,10.1073/pnas.1501381112,,,119,33,"Poly{[N,N'-bis(2-octyldodecyl)naphthalene-1,4,5,8-bis(dicarboximide)-2,6-diyl]-alt-5,5'-(2,2'-bithiophene)}",N2200,,,,,,1.0,,,,,,,7239.0,"1,2-dichlorobenzene",8.0,1.0,,,,,,,,,,,35,Al,CYTOP,550.0,,,Au,,TGBC,30.0,500.0,,,,34,spin,1000.0,90.0,,,,,,,,27.0,120.0,0.5,nitrogen,,,,,,,,,,,0.3,,,,,,saturation,air,,60.0,"[-10,60]",
236,225,38,literature,journal_article,10.1073/pnas.1501381112,,,126,33,"Poly{[N,N'-bis(2-octyldodecyl)naphthalene-1,4,5,8-bis(dicarboximide)-2,6-diyl]-alt-5,5'-(2,2'-bithiophene)}",N2200,,,,,,4.0,,,,,,,7239.0,"1,2-dichlorobenzene",8.0,1.0,,,,,,,,,,,35,Al,CYTOP,550.0,,,Au,,TGBC,30.0,500.0,,,,34,spin,1000.0,90.0,,,,,,,,27.0,120.0,0.5,nitrogen,,,,,,,,,,,,,,,,,saturation,air,,60.0,"[-10,60]",
237,226,38,literature,journal_article,10.1073/pnas.1501381112,,,121,33,"Poly{[N,N'-bis(2-octyldodecyl)naphthalene-1,4,5,8-bis(dicarboximide)-2,6-diyl]-alt-5,5'-(2,2'-bithiophene)}",N2200,,,,,,0.1,,,,,,,7239.0,"1,2-dichlorobenzene",8.0,1.0,,,,,,,,,,,35,Al,CYTOP,550.0,,,Au,,TGBC,30.0,500.0,,,,34,spin,1000.0,90.0,,,,,,,,27.0,120.0,0.5,nitrogen,,,,,,,,,,,0.13,,,,,,saturation,air,,60.0,"[-10,60]",
238,227,38,literature,journal_article,10.1073/pnas.1501381112,,,122,33,"Poly{[N,N'-bis(2-octyldodecyl)naphthalene-1,4,5,8-bis(dicarboximide)-2,6-diyl]-alt-5,5'-(2,2'-bithiophene)}",N2200,,,,,,0.05,,,,,,,7239.0,"1,2-dichlorobenzene",8.0,1.0,,,,,,,,,,,35,Al,CYTOP,550.0,,,Au,,TGBC,30.0,500.0,,,,34,spin,1000.0,90.0,,,,,,,,27.0,120.0,0.5,nitrogen,,,,,,,,,,,0.13,,,,,,saturation,air,,60.0,"[-10,60]",
239,228,38,literature,journal_article,10.1073/pnas.1501381112,,,123,33,"Poly{[N,N'-bis(2-octyldodecyl)naphthalene-1,4,5,8-bis(dicarboximide)-2,6-diyl]-alt-5,5'-(2,2'-bithiophene)}",N2200,,,,,,0.03,,,,,,,7239.0,"1,2-dichlorobenzene",8.0,1.0,,,,,,,,,,,35,Al,CYTOP,550.0,,,Au,,TGBC,30.0,500.0,,,,34,spin,1000.0,90.0,,,,,,,,27.0,120.0,0.5,nitrogen,,,,,,,,,,,0.1,,,,,,saturation,air,,60.0,"[-10,60]",
240,229,38,literature,journal_article,10.1073/pnas.1501381112,,,124,33,"Poly{[N,N'-bis(2-octyldodecyl)naphthalene-1,4,5,8-bis(dicarboximide)-2,6-diyl]-alt-5,5'-(2,2'-bithiophene)}",N2200,,,,,,0.02,,,,,,,7239.0,"1,2-dichlorobenzene",8.0,1.0,,,,,,,,,,,35,Al,CYTOP,550.0,,,Au,,TGBC,30.0,500.0,,,,34,spin,1000.0,90.0,,,,,,,,27.0,120.0,0.5,nitrogen,,,,,,,,,,,0.11,,,,,,saturation,air,,60.0,"[-10,60]",
241,230,38,literature,journal_article,10.1073/pnas.1501381112,,,125,33,"Poly{[N,N'-bis(2-octyldodecyl)naphthalene-1,4,5,8-bis(dicarboximide)-2,6-diyl]-alt-5,5'-(2,2'-bithiophene)}",N2200,,,,,,0.01,,,,,,,7239.0,"1,2-dichlorobenzene",8.0,1.0,,,,,,,,,,,35,Al,CYTOP,550.0,,,Au,,TGBC,30.0,500.0,,,,34,spin,1000.0,90.0,,,,,,,,27.0,120.0,0.5,nitrogen,,,,,,,,,,,0.04,,,,,,saturation,air,,60.0,"[-10,60]",
242,231,39,literature,journal_article,10.1002/aelm.202101324,,,127,33,"Poly{[N,N'-bis(2-octyldodecyl)naphthalene-1,4,5,8-bis(dicarboximide)-2,6-diyl]-alt-5,5'-(2,2'-bithiophene)}",N2200,,,,,,1.0,,,,,,,7809.0,"1,4-xylene",,1.0,,,,,,,,,,,36,,SiO2,300.0,,,Au,,BGBC,,,,3.0,OTS-8,35,water,,,,,,,,,,28.0,110.0,,nitrogen,5.0,,,,,,,,,,0.19,,,,,,saturation,,,60.0,"[-10,60]",
243,231,39,literature,journal_article,10.1002/aelm.202101324,,,127,33,"Poly{[N,N'-bis(2-octyldodecyl)naphthalene-1,4,5,8-bis(dicarboximide)-2,6-diyl]-alt-5,5'-(2,2'-bithiophene)}",N2200,,,,,,1.0,,,,,,,7809.0,"1,4-xylene",,1.0,,,,,,,,,,,36,,SiO2,300.0,,,Au,,BGBC,,,,3.0,OTS-8,35,water,,,,,,,,,,28.0,110.0,,nitrogen,12.0,,,,,,,,,,0.11,,,,,,saturation,,,60.0,"[-10,60]",
244,231,39,literature,journal_article,10.1002/aelm.202101324,,,127,33,"Poly{[N,N'-bis(2-octyldodecyl)naphthalene-1,4,5,8-bis(dicarboximide)-2,6-diyl]-alt-5,5'-(2,2'-bithiophene)}",N2200,,,,,,1.0,,,,,,,7809.0,"1,4-xylene",,1.0,,,,,,,,,,,36,,SiO2,300.0,,,Au,,BGBC,,,,3.0,OTS-8,35,water,,,,,,,,,,28.0,110.0,,nitrogen,17.0,,,,,,,,,,0.12,,,,,,saturation,,,60.0,"[-10,60]",
245,231,39,literature,journal_article,10.1002/aelm.202101324,,,127,33,"Poly{[N,N'-bis(2-octyldodecyl)naphthalene-1,4,5,8-bis(dicarboximide)-2,6-diyl]-alt-5,5'-(2,2'-bithiophene)}",N2200,,,,,,1.0,,,,,,,7809.0,"1,4-xylene",,1.0,,,,,,,,,,,36,,SiO2,300.0,,,Au,,BGBC,,,,3.0,OTS-8,35,water,,,,,,,,,,28.0,110.0,,nitrogen,30.0,,,,,,,,,,0.03,,,,,,saturation,,,60.0,"[-10,60]",
246,232,39,literature,journal_article,10.1002/aelm.202101324,,,127,33,"Poly{[N,N'-bis(2-octyldodecyl)naphthalene-1,4,5,8-bis(dicarboximide)-2,6-diyl]-alt-5,5'-(2,2'-bithiophene)}",N2200,,,,,,1.0,,,,,,,7809.0,"1,4-xylene",,1.0,,,,,,,,,,,37,Al,CYTOP,500.0,,,Au,,TGBC,,,,3.0,OTS-8,35,water,,,,,,,,,,28.0,110.0,,nitrogen,5.0,,,,,,,,,,0.23,,,,,,saturation,,,60.0,"[-10,60]",
247,232,39,literature,journal_article,10.1002/aelm.202101324,,,127,33,"Poly{[N,N'-bis(2-octyldodecyl)naphthalene-1,4,5,8-bis(dicarboximide)-2,6-diyl]-alt-5,5'-(2,2'-bithiophene)}",N2200,,,,,,1.0,,,,,,,7809.0,"1,4-xylene",,1.0,,,,,,,,,,,37,Al,CYTOP,500.0,,,Au,,TGBC,,,,3.0,OTS-8,35,water,,,,,,,,,,28.0,110.0,,nitrogen,12.0,,,,,,,,,,0.19,,,,,,saturation,,,60.0,"[-10,60]",
248,232,39,literature,journal_article,10.1002/aelm.202101324,,,127,33,"Poly{[N,N'-bis(2-octyldodecyl)naphthalene-1,4,5,8-bis(dicarboximide)-2,6-diyl]-alt-5,5'-(2,2'-bithiophene)}",N2200,,,,,,1.0,,,,,,,7809.0,"1,4-xylene",,1.0,,,,,,,,,,,37,Al,CYTOP,500.0,,,Au,,TGBC,,,,3.0,OTS-8,35,water,,,,,,,,,,28.0,110.0,,nitrogen,17.0,,,,,,,,,,0.13,,,,,,saturation,,,60.0,"[-10,60]",
249,232,39,literature,journal_article,10.1002/aelm.202101324,,,127,33,"Poly{[N,N'-bis(2-octyldodecyl)naphthalene-1,4,5,8-bis(dicarboximide)-2,6-diyl]-alt-5,5'-(2,2'-bithiophene)}",N2200,,,,,,1.0,,,,,,,7809.0,"1,4-xylene",,1.0,,,,,,,,,,,37,Al,CYTOP,500.0,,,Au,,TGBC,,,,3.0,OTS-8,35,water,,,,,,,,,,28.0,110.0,,nitrogen,20.0,,,,,,,,,,0.09,,,,,,saturation,,,60.0,"[-10,60]",
250,233,40,literature,journal_article,10.1021/acs.macromol.1c01661,,,128,39,"Poly{[N,N'-bis(2-octyldodecyl)naphthalene-1,4,5,8-bis(dicarboximide)-2,6-diyl]-alt-5,5'-(2,2'-bithiophene)}",N2200,132.69,64.1,2.07,,,1.0,,,,,,,7964.0,chlorobenzene,8.0,1.0,,,,,,,,,,,38,Al,CYTOP,500.0,,,Au,,TGBC,20.0,10000.0,3.7,15.0,plasma_treatment,36,spin,,,,,,,,,,29.0,180.0,0.33,nitrogen,,,25.75,3.9,436.0,36.9,,,,,0.385,,,2.52,,,saturation,nitrogen,,,,
251,234,40,literature,journal_article,10.1021/acs.macromol.1c01661,,,129,39,"Poly{[N,N'-bis(2-octyldodecyl)naphthalene-1,4,5,8-bis(dicarboximide)-2,6-diyl]-alt-5,5'-(2,2'-bithiophene)}",N2200,132.69,64.1,2.07,,,0.875,105.0,poly(styrene),PS,33.37,1.03,0.125,7964.0,chlorobenzene,8.0,1.0,,,,,,,,,,,38,Al,CYTOP,500.0,,,Au,,TGBC,20.0,10000.0,3.7,15.0,plasma_treatment,36,spin,,,,,,,,,,29.0,180.0,0.33,nitrogen,,,25.45,3.91,444.0,35.5,,,,,0.3025,,,1.22,,,saturation,nitrogen,,,,
252,235,40,literature,journal_article,10.1021/acs.macromol.1c01661,,,130,39,"Poly{[N,N'-bis(2-octyldodecyl)naphthalene-1,4,5,8-bis(dicarboximide)-2,6-diyl]-alt-5,5'-(2,2'-bithiophene)}",N2200,132.69,64.1,2.07,,,0.75,105.0,poly(styrene),PS,33.37,1.03,0.25,7964.0,chlorobenzene,8.0,1.0,,,,,,,,,,,38,Al,CYTOP,500.0,,,Au,,TGBC,20.0,10000.0,3.7,15.0,plasma_treatment,36,spin,,,,,,,,,,29.0,180.0,0.33,nitrogen,,,25.48,3.91,452.0,34.7,,,,,0.27,,,1.26,,,saturation,nitrogen,,,,
253,236,40,literature,journal_article,10.1021/acs.macromol.1c01661,,,131,39,"Poly{[N,N'-bis(2-octyldodecyl)naphthalene-1,4,5,8-bis(dicarboximide)-2,6-diyl]-alt-5,5'-(2,2'-bithiophene)}",N2200,132.69,64.1,2.07,,,0.625,105.0,poly(styrene),PS,33.37,1.03,0.375,7964.0,chlorobenzene,8.0,1.0,,,,,,,,,,,38,Al,CYTOP,500.0,,,Au,,TGBC,20.0,10000.0,3.7,15.0,plasma_treatment,36,spin,,,,,,,,,,29.0,180.0,0.33,nitrogen,,,25.46,3.9,457.0,32.6,,,,,0.2286,,,3.94,,,saturation,nitrogen,,,,
254,237,40,literature,journal_article,10.1021/acs.macromol.1c01661,,,132,39,"Poly{[N,N'-bis(2-octyldodecyl)naphthalene-1,4,5,8-bis(dicarboximide)-2,6-diyl]-alt-5,5'-(2,2'-bithiophene)}",N2200,132.69,64.1,2.07,,,0.5,105.0,poly(styrene),PS,33.37,1.03,0.5,7964.0,chlorobenzene,8.0,1.0,,,,,,,,,,,38,Al,CYTOP,500.0,,,Au,,TGBC,20.0,10000.0,3.7,15.0,plasma_treatment,36,spin,,,,,,,,,,29.0,180.0,0.33,nitrogen,,,25.43,3.9,429.0,31.4,,,,,0.1886,,,2.38,,,saturation,nitrogen,,,,
255,238,40,literature,journal_article,10.1021/acs.macromol.1c01661,,,133,39,"Poly{[N,N'-bis(2-octyldodecyl)naphthalene-1,4,5,8-bis(dicarboximide)-2,6-diyl]-alt-5,5'-(2,2'-bithiophene)}",N2200,132.69,64.1,2.07,,,0.375,105.0,poly(styrene),PS,33.37,1.03,0.625,7964.0,chlorobenzene,8.0,1.0,,,,,,,,,,,38,Al,CYTOP,500.0,,,Au,,TGBC,20.0,10000.0,3.7,15.0,plasma_treatment,36,spin,,,,,,,,,,29.0,180.0,0.33,nitrogen,,,25.41,3.9,357.0,27.7,,,,,0.1763,,,3.26,,,saturation,nitrogen,,,,
256,239,40,literature,journal_article,10.1021/acs.macromol.1c01661,,,134,39,"Poly{[N,N'-bis(2-octyldodecyl)naphthalene-1,4,5,8-bis(dicarboximide)-2,6-diyl]-alt-5,5'-(2,2'-bithiophene)}",N2200,132.69,64.1,2.07,,,0.25,105.0,poly(styrene),PS,33.37,1.03,0.75,7964.0,chlorobenzene,8.0,1.0,,,,,,,,,,,38,Al,CYTOP,500.0,,,Au,,TGBC,20.0,10000.0,3.7,15.0,plasma_treatment,36,spin,,,,,,,,,,29.0,180.0,0.33,nitrogen,,,25.51,3.9,347.0,20.8,,,,,0.0981,,,2.23,,,saturation,nitrogen,,,,
257,240,40,literature,journal_article,10.1021/acs.macromol.1c01661,,,135,39,"Poly{[N,N'-bis(2-octyldodecyl)naphthalene-1,4,5,8-bis(dicarboximide)-2,6-diyl]-alt-5,5'-(2,2'-bithiophene)}",N2200,132.69,64.1,2.07,,,0.125,105.0,poly(styrene),PS,33.37,1.03,0.875,7964.0,chlorobenzene,8.0,1.0,,,,,,,,,,,38,Al,CYTOP,500.0,,,Au,,TGBC,20.0,10000.0,3.7,15.0,plasma_treatment,36,spin,,,,,,,,,,29.0,180.0,0.33,nitrogen,,,25.3,,268.0,,,,,,0.0253,,,5.54,,,saturation,nitrogen,,,,
258,241,40,literature,journal_article,10.1021/acs.macromol.1c01661,,,136,39,"Poly{[N,N'-bis(2-octyldodecyl)naphthalene-1,4,5,8-bis(dicarboximide)-2,6-diyl]-alt-5,5'-(2,2'-bithiophene)}",N2200,132.69,64.1,2.07,,,0.0625,105.0,poly(styrene),PS,33.37,1.03,0.9375,7964.0,chlorobenzene,8.0,1.0,,,,,,,,,,,38,Al,CYTOP,500.0,,,Au,,TGBC,20.0,10000.0,3.7,15.0,plasma_treatment,36,spin,,,,,,,,,,29.0,180.0,0.33,nitrogen,,,,,,,,,,,0.0087,,,14.73,,,saturation,nitrogen,,,,
259,242,40,literature,journal_article,10.1021/acs.macromol.1c01661,,,137,39,"Poly{[N,N'-bis(2-octyldodecyl)naphthalene-1,4,5,8-bis(dicarboximide)-2,6-diyl]-alt-5,5'-(2,2'-bithiophene)}",N2200,132.69,64.1,2.07,,,0.0375,105.0,poly(styrene),PS,33.37,1.03,0.9625,7964.0,chlorobenzene,8.0,1.0,,,,,,,,,,,38,Al,CYTOP,500.0,,,Au,,TGBC,20.0,10000.0,3.7,15.0,plasma_treatment,36,spin,,,,,,,,,,29.0,180.0,0.33,nitrogen,,,,,,,,,,,0.0076,,,13.91,,,saturation,nitrogen,,,,
260,243,40,literature,journal_article,10.1021/acs.macromol.1c01661,,,138,39,"Poly{[N,N'-bis(2-octyldodecyl)naphthalene-1,4,5,8-bis(dicarboximide)-2,6-diyl]-alt-5,5'-(2,2'-bithiophene)}",N2200,132.69,64.1,2.07,,,0.0125,105.0,poly(styrene),PS,33.37,1.03,0.9875,7964.0,chlorobenzene,8.0,1.0,,,,,,,,,,,38,Al,CYTOP,500.0,,,Au,,TGBC,20.0,10000.0,3.7,15.0,plasma_treatment,36,spin,,,,,,,,,,29.0,180.0,0.33,nitrogen,,,,,,,,,,,0.0015,,,7.58,,,saturation,nitrogen,,,,
261,244,40,literature,journal_article,10.1021/acs.macromol.1c01661,,,139,39,"Poly{[N,N'-bis(2-octyldodecyl)naphthalene-1,4,5,8-bis(dicarboximide)-2,6-diyl]-alt-5,5'-(2,2'-bithiophene)}",N2200,132.69,64.1,2.07,,,0.00625,105.0,poly(styrene),PS,33.37,1.03,0.99375,7964.0,chlorobenzene,8.0,1.0,,,,,,,,,,,38,Al,CYTOP,500.0,,,Au,,TGBC,20.0,10000.0,3.7,15.0,plasma_treatment,36,spin,,,,,,,,,,29.0,180.0,0.33,nitrogen,,,,,,,,,,,0.0023,,,0.23,,,saturation,nitrogen,,,,
262,245,40,literature,journal_article,10.1021/acs.macromol.1c01661,,,140,39,"Poly{[N,N'-bis(2-octyldodecyl)naphthalene-1,4,5,8-bis(dicarboximide)-2,6-diyl]-alt-5,5'-(2,2'-bithiophene)}",N2200,132.69,64.1,2.07,,,0.0025,105.0,poly(styrene),PS,33.37,1.03,0.9975,7964.0,chlorobenzene,8.0,1.0,,,,,,,,,,,38,Al,CYTOP,500.0,,,Au,,TGBC,20.0,10000.0,3.7,15.0,plasma_treatment,36,spin,,,,,,,,,,29.0,180.0,0.33,nitrogen,,,,,,,,,,,,,,,,,saturation,nitrogen,,,,
263,246,40,literature,journal_article,10.1021/acs.macromol.1c01661,,,141,39,"Poly{[N,N'-bis(2-octyldodecyl)naphthalene-1,4,5,8-bis(dicarboximide)-2,6-diyl]-alt-5,5'-(2,2'-bithiophene)}",N2200,132.69,64.1,2.07,,,0.00125,105.0,poly(styrene),PS,33.37,1.03,0.99875,7964.0,chlorobenzene,8.0,1.0,,,,,,,,,,,38,Al,CYTOP,500.0,,,Au,,TGBC,20.0,10000.0,3.7,15.0,plasma_treatment,36,spin,,,,,,,,,,29.0,180.0,0.33,nitrogen,,,,,,,,,,,,,,,,,saturation,nitrogen,,,,
264,247,41,literature,journal_article,10.1021/acs.chemmater.5b03775,,,142,33,"Poly{[N,N'-bis(2-octyldodecyl)naphthalene-1,4,5,8-bis(dicarboximide)-2,6-diyl]-alt-5,5'-(2,2'-bithiophene)}",N2200,,,,,,1.0,,,,,,,7964.0,chlorobenzene,10.0,1.0,,,,,,,,,,,39,Al,PMMA,500.0,,,Au,,TGBC,20.0,10000.0,,16.0,uv_ozone,37,spin,1500.0,,,,,,perpendicular,nitrogen,,30.0,200.0,,nitrogen,40.0,,,,,,,,,,0.12,,,,,,saturation,nitrogen,,60.0,"[-10,80]",
265,248,41,literature,journal_article,10.1021/acs.chemmater.5b03775,,,142,33,"Poly{[N,N'-bis(2-octyldodecyl)naphthalene-1,4,5,8-bis(dicarboximide)-2,6-diyl]-alt-5,5'-(2,2'-bithiophene)}",N2200,,,,,,1.0,,,,,,,7964.0,chlorobenzene,10.0,1.0,,,,,,,,,,,39,Al,PMMA,500.0,,,Au,,TGBC,20.0,10000.0,,16.0,uv_ozone,38,spin,1500.0,,,,,,parallel,nitrogen,,30.0,200.0,,nitrogen,40.0,,,,,,,,,,0.6,,,,,,saturation,nitrogen,,60.0,"[-10,80]",
266,249,41,literature,journal_article,10.1021/acs.chemmater.5b03775,,,143,33,"Poly{[N,N'-bis(2-octyldodecyl)naphthalene-1,4,5,8-bis(dicarboximide)-2,6-diyl]-alt-5,5'-(2,2'-bithiophene)}",N2200,,,,,,1.0,,,,,,,1140.0,toluene,10.0,1.0,,,,,,,,,,,39,Al,PMMA,500.0,,,Au,,TGBC,20.0,10000.0,,16.0,uv_ozone,37,spin,1500.0,,,,,,perpendicular,nitrogen,,30.0,200.0,,nitrogen,40.0,,,,,,,,,,0.11,,,,,,saturation,nitrogen,,60.0,"[-10,80]",
267,250,41,literature,journal_article,10.1021/acs.chemmater.5b03775,,,143,33,"Poly{[N,N'-bis(2-octyldodecyl)naphthalene-1,4,5,8-bis(dicarboximide)-2,6-diyl]-alt-5,5'-(2,2'-bithiophene)}",N2200,,,,,,1.0,,,,,,,1140.0,toluene,10.0,1.0,,,,,,,,,,,39,Al,PMMA,500.0,,,Au,,TGBC,20.0,10000.0,,16.0,uv_ozone,38,spin,1500.0,,,,,,parallel,nitrogen,,30.0,200.0,,nitrogen,40.0,,,,,,,,,,0.95,,,,,,saturation,nitrogen,,60.0,"[-10,80]",
268,251,42,literature,journal_article,10.1063/1.3424792,,,144,33,"Poly{[N,N'-bis(2-octyldodecyl)naphthalene-1,4,5,8-bis(dicarboximide)-2,6-diyl]-alt-5,5'-(2,2'-bithiophene)}",N2200,,,,,,1.0,,,,,,,7239.0,"1,2-dichlorobenzene",9.0,1.0,,,,,,,,,,,40,Al,CYTOP,450.0,,,Au,,TGBC,21.5,1000.0,,,,34,spin,1000.0,90.0,,,,,,,,31.0,110.0,5.0,,160.0,,,,,,,,,,2.5,,,,,,saturation,,,60.0,"[-20,60]",
269,252,43,literature,journal_article,10.1038/srep03425,,,145,33,"Poly{[N,N'-bis(2-octyldodecyl)naphthalene-1,4,5,8-bis(dicarboximide)-2,6-diyl]-alt-5,5'-(2,2'-bithiophene)}",N2200,,,,,,1.0,,,,,,,7947.0,"1,3,5-trimethylbenzene",5.0,1.0,,,,,,,,,,,41,Al,PMMA,660.0,,,Au,,TGBC,20.0,10000.0,4.8,,,39,spin,1000.0,60.0,,,,,,nitrogen,,32.0,120.0,14.0,nitrogen,,,,,,,,,,,0.242,0.08,,,,,linear,,,50.0,"[-10,50]",
270,252,43,literature,journal_article,10.1038/srep03425,,,145,33,"Poly{[N,N'-bis(2-octyldodecyl)naphthalene-1,4,5,8-bis(dicarboximide)-2,6-diyl]-alt-5,5'-(2,2'-bithiophene)}",N2200,,,,,,1.0,,,,,,,7947.0,"1,3,5-trimethylbenzene",5.0,1.0,,,,,,,,,,,41,Al,PMMA,660.0,,,Au,,TGBC,20.0,10000.0,4.8,,,39,spin,1000.0,60.0,,,,,,nitrogen,,32.0,120.0,14.0,nitrogen,,,,,,,,,,,0.75,0.495,,,,,saturation,,,50.0,"[-10,50]",
271,253,43,literature,journal_article,10.1038/srep03425,,,146,33,"Poly{[N,N'-bis(2-octyldodecyl)naphthalene-1,4,5,8-bis(dicarboximide)-2,6-diyl]-alt-5,5'-(2,2'-bithiophene)}",N2200,,,,,,1.0,,,,,,,1140.0,toluene,5.0,1.0,,,,,,,,,,,41,Al,PMMA,660.0,,,Au,,TGBC,20.0,10000.0,4.8,,,39,spin,1000.0,60.0,,,,,,nitrogen,,32.0,120.0,14.0,nitrogen,,,,,,,,,,,0.279,0.109,,,,,linear,,,50.0,"[-10,50]",
272,253,43,literature,journal_article,10.1038/srep03425,,,146,33,"Poly{[N,N'-bis(2-octyldodecyl)naphthalene-1,4,5,8-bis(dicarboximide)-2,6-diyl]-alt-5,5'-(2,2'-bithiophene)}",N2200,,,,,,1.0,,,,,,,1140.0,toluene,5.0,1.0,,,,,,,,,,,41,Al,PMMA,660.0,,,Au,,TGBC,20.0,10000.0,4.8,,,39,spin,1000.0,60.0,,,,,,nitrogen,,32.0,120.0,14.0,nitrogen,,,,,,,,,,,0.73,0.37,,,,,saturation,,,50.0,"[-10,50]",
273,254,43,literature,journal_article,10.1038/srep03425,,,144,33,"Poly{[N,N'-bis(2-octyldodecyl)naphthalene-1,4,5,8-bis(dicarboximide)-2,6-diyl]-alt-5,5'-(2,2'-bithiophene)}",N2200,,,,,,1.0,,,,,,,7239.0,"1,2-dichlorobenzene",9.0,1.0,,,,,,,,,,,41,Al,PMMA,660.0,,,Au,,TGBC,20.0,10000.0,4.8,,,39,spin,1000.0,60.0,,,,,,nitrogen,,32.0,120.0,14.0,nitrogen,,,,,,,,,,,0.071,0.025,,,,,linear,,,50.0,"[-10,50]",
274,254,43,literature,journal_article,10.1038/srep03425,,,144,33,"Poly{[N,N'-bis(2-octyldodecyl)naphthalene-1,4,5,8-bis(dicarboximide)-2,6-diyl]-alt-5,5'-(2,2'-bithiophene)}",N2200,,,,,,1.0,,,,,,,7239.0,"1,2-dichlorobenzene",9.0,1.0,,,,,,,,,,,41,Al,PMMA,660.0,,,Au,,TGBC,20.0,10000.0,4.8,,,39,spin,1000.0,60.0,,,,,,nitrogen,,32.0,120.0,14.0,nitrogen,,,,,,,,,,,0.095,0.05,,,,,saturation,,,50.0,"[-10,50]",
275,255,43,literature,journal_article,10.1038/srep03425,,,112,33,"Poly{[N,N'-bis(2-octyldodecyl)naphthalene-1,4,5,8-bis(dicarboximide)-2,6-diyl]-alt-5,5'-(2,2'-bithiophene)}",N2200,,,,,,1.0,,,,,,,7003.0,1-chloronaphthalene,10.0,1.0,,,,,,,,,,,41,Al,PMMA,660.0,,,Au,,TGBC,20.0,10000.0,4.8,,,39,spin,1000.0,60.0,,,,,,nitrogen,,32.0,120.0,14.0,nitrogen,,,,,,,,,,,0.015,0.005,,,,,linear,,,50.0,"[-10,50]",
276,255,43,literature,journal_article,10.1038/srep03425,,,112,33,"Poly{[N,N'-bis(2-octyldodecyl)naphthalene-1,4,5,8-bis(dicarboximide)-2,6-diyl]-alt-5,5'-(2,2'-bithiophene)}",N2200,,,,,,1.0,,,,,,,7003.0,1-chloronaphthalene,10.0,1.0,,,,,,,,,,,41,Al,PMMA,660.0,,,Au,,TGBC,20.0,10000.0,4.8,,,39,spin,1000.0,60.0,,,,,,nitrogen,,32.0,120.0,14.0,nitrogen,,,,,,,,,,,0.02,0.005,,,,,saturation,,,50.0,"[-10,50]",
277,256,44,literature,journal_article,10.1039/C4TC00390J,,,147,40,"Poly{[N,N'-bis(2-octyldodecyl)naphthalene-1,4,5,8-bis(dicarboximide)-2,6-diyl]-alt-5,5'-(2,2'-bithiophene)}",N2200,82.8,46.0,1.8,,,1.0,,,,,,,7239.0,"1,2-dichlorobenzene",8.0,1.0,,,,,,,,,,,42,Au,CYTOP,,,,Au,,TGBC,50.0,500.0,3.5,,,3,spin,,,,,,,,air,,,,,,,,,,,,,,,,0.15,,,,1000000.0,,saturation,air,,,"[-60,60]",
278,257,44,literature,journal_article,10.1039/C4TC00390J,,,148,41,"Poly{[N,N'-bis(2-octyldodecyl)naphthalene-1,4,5,8-bis(dicarboximide)-2,6-diyl]-alt-5,5'-(2,2'-bithiophene)}",N2200,48.0,10.2,4.7,,,1.0,,,,,,,7239.0,"1,2-dichlorobenzene",8.0,1.0,,,,,,,,,,,42,Au,CYTOP,,,,Au,,TGBC,50.0,500.0,3.5,,,3,spin,,,,,,,,air,,,,,,,,,,,,,,,,0.195,,,,1000000.0,,saturation,air,,,"[-60,60]",
279,258,44,literature,journal_article,10.1039/C4TC00390J,,,149,40,"Poly{[N,N'-bis(2-octyldodecyl)naphthalene-1,4,5,8-bis(dicarboximide)-2,6-diyl]-alt-5,5'-(2,2'-bithiophene)}",N2200,82.8,46.0,1.8,,,1.0,,,,,,,7809.0,"1,4-xylene",0.01,1.0,,,,,,,,,,,43,Cu,CYTOP,2000.0,,,Au,,TGBC,20.0,30000.0,3.5,,,40,roll_to_roll,,,,3.0,,,,,,31.0,110.0,5.0,,,,,,,,,,,,0.037,,,22.8,1250.0,,linear,,,,"[-60,60]",
280,258,44,literature,journal_article,10.1039/C4TC00390J,,,149,40,"Poly{[N,N'-bis(2-octyldodecyl)naphthalene-1,4,5,8-bis(dicarboximide)-2,6-diyl]-alt-5,5'-(2,2'-bithiophene)}",N2200,82.8,46.0,1.8,,,1.0,,,,,,,7809.0,"1,4-xylene",0.01,1.0,,,,,,,,,,,43,Cu,CYTOP,2000.0,,,Au,,TGBC,20.0,30000.0,3.5,,,40,roll_to_roll,,,,3.0,,,,,,31.0,110.0,5.0,,,,,,,,,,,,0.086,,,10.6,30.0,,linear,,,,"[-60,60]",
281,258,44,literature,journal_article,10.1039/C4TC00390J,,,149,40,"Poly{[N,N'-bis(2-octyldodecyl)naphthalene-1,4,5,8-bis(dicarboximide)-2,6-diyl]-alt-5,5'-(2,2'-bithiophene)}",N2200,82.8,46.0,1.8,,,1.0,,,,,,,7809.0,"1,4-xylene",0.01,1.0,,,,,,,,,,,43,Cu,CYTOP,2000.0,,,Au,,TGBC,20.0,30000.0,3.5,,,40,roll_to_roll,,,,3.0,,,,,,31.0,110.0,5.0,,,,,,,,,,,,0.075,,,22.8,1250.0,,saturation,,,,"[-60,60]",
282,258,44,literature,journal_article,10.1039/C4TC00390J,,,149,40,"Poly{[N,N'-bis(2-octyldodecyl)naphthalene-1,4,5,8-bis(dicarboximide)-2,6-diyl]-alt-5,5'-(2,2'-bithiophene)}",N2200,82.8,46.0,1.8,,,1.0,,,,,,,7809.0,"1,4-xylene",0.01,1.0,,,,,,,,,,,43,Cu,CYTOP,2000.0,,,Au,,TGBC,20.0,30000.0,3.5,,,40,roll_to_roll,,,,3.0,,,,,,31.0,110.0,5.0,,,,,,,,,,,,0.08,,,10.6,30.0,,saturation,,,,"[-60,60]",
283,259,44,literature,journal_article,10.1039/C4TC00390J,,,150,41,"Poly{[N,N'-bis(2-octyldodecyl)naphthalene-1,4,5,8-bis(dicarboximide)-2,6-diyl]-alt-5,5'-(2,2'-bithiophene)}",N2200,48.0,10.2,4.7,,,1.0,,,,,,,7809.0,"1,4-xylene",0.01,1.0,,,,,,,,,,,43,Cu,CYTOP,2000.0,,,Au,,TGBC,20.0,30000.0,3.5,,,40,roll_to_roll,,,,3.0,,,,,,31.0,110.0,5.0,,,,,,,,,,,,0.035,,,20.0,2003.0,,linear,,,,"[-60,60]",
284,259,44,literature,journal_article,10.1039/C4TC00390J,,,150,41,"Poly{[N,N'-bis(2-octyldodecyl)naphthalene-1,4,5,8-bis(dicarboximide)-2,6-diyl]-alt-5,5'-(2,2'-bithiophene)}",N2200,48.0,10.2,4.7,,,1.0,,,,,,,7809.0,"1,4-xylene",0.01,1.0,,,,,,,,,,,43,Cu,CYTOP,2000.0,,,Au,,TGBC,20.0,30000.0,3.5,,,40,roll_to_roll,,,,3.0,,,,,,31.0,110.0,5.0,,,,,,,,,,,,0.08,,,9.9,61.0,,linear,,,,"[-60,60]",
285,259,44,literature,journal_article,10.1039/C4TC00390J,,,150,41,"Poly{[N,N'-bis(2-octyldodecyl)naphthalene-1,4,5,8-bis(dicarboximide)-2,6-diyl]-alt-5,5'-(2,2'-bithiophene)}",N2200,48.0,10.2,4.7,,,1.0,,,,,,,7809.0,"1,4-xylene",0.01,1.0,,,,,,,,,,,43,Cu,CYTOP,2000.0,,,Au,,TGBC,20.0,30000.0,3.5,,,40,roll_to_roll,,,,3.0,,,,,,31.0,110.0,5.0,,,,,,,,,,,,0.077,,,20.0,2003.0,,saturation,,,,"[-60,60]",
286,259,44,literature,journal_article,10.1039/C4TC00390J,,,150,41,"Poly{[N,N'-bis(2-octyldodecyl)naphthalene-1,4,5,8-bis(dicarboximide)-2,6-diyl]-alt-5,5'-(2,2'-bithiophene)}",N2200,48.0,10.2,4.7,,,1.0,,,,,,,7809.0,"1,4-xylene",0.01,1.0,,,,,,,,,,,43,Cu,CYTOP,2000.0,,,Au,,TGBC,20.0,30000.0,3.5,,,40,roll_to_roll,,,,3.0,,,,,,31.0,110.0,5.0,,,,,,,,,,,,0.052,,,9.9,61.0,,saturation,,,,"[-60,60]",
287,260,45,literature,journal_article,10.1021/acsapm.2c00554,,,128,39,"Poly{[N,N'-bis(2-octyldodecyl)naphthalene-1,4,5,8-bis(dicarboximide)-2,6-diyl]-alt-5,5'-(2,2'-bithiophene)}",N2200,132.69,64.1,2.07,,,1.0,,,,,,,7964.0,chlorobenzene,8.0,1.0,,,,,,,,,,,44,Al,CYTOP,550.0,,,Au,,TGBC,20.0,10000.0,3.9,14.0,PFOCTS,41,blade,,,,0.02,,,parallel,,,22.0,110.0,1.0,nitrogen,,,,,,,,,,,1.25,,,4.6,,,saturation,nitrogen,,,"[-10,60]",
288,261,45,literature,journal_article,10.1021/acsapm.2c00554,,,129,39,"Poly{[N,N'-bis(2-octyldodecyl)naphthalene-1,4,5,8-bis(dicarboximide)-2,6-diyl]-alt-5,5'-(2,2'-bithiophene)}",N2200,132.69,64.1,2.07,,,0.875,105.0,poly(styrene),PS,33.37,1.03,0.125,7964.0,chlorobenzene,8.0,1.0,,,,,,,,,,,44,Al,CYTOP,550.0,,,Au,,TGBC,20.0,10000.0,3.9,14.0,PFOCTS,41,blade,,,,0.02,,,parallel,,,22.0,110.0,1.0,nitrogen,,,,,,,,,,,1.18,,,5.5,,,saturation,nitrogen,,,"[-10,60]",
289,262,45,literature,journal_article,10.1021/acsapm.2c00554,,,130,39,"Poly{[N,N'-bis(2-octyldodecyl)naphthalene-1,4,5,8-bis(dicarboximide)-2,6-diyl]-alt-5,5'-(2,2'-bithiophene)}",N2200,132.69,64.1,2.07,,,0.75,105.0,poly(styrene),PS,33.37,1.03,0.25,7964.0,chlorobenzene,8.0,1.0,,,,,,,,,,,44,Al,CYTOP,550.0,,,Au,,TGBC,20.0,10000.0,3.9,14.0,PFOCTS,41,blade,,,,0.02,,,parallel,,,22.0,110.0,1.0,nitrogen,,,,,,,,,,,0.94,,,5.09,,,saturation,nitrogen,,,"[-10,60]",
290,263,45,literature,journal_article,10.1021/acsapm.2c00554,,,131,39,"Poly{[N,N'-bis(2-octyldodecyl)naphthalene-1,4,5,8-bis(dicarboximide)-2,6-diyl]-alt-5,5'-(2,2'-bithiophene)}",N2200,132.69,64.1,2.07,,,0.625,105.0,poly(styrene),PS,33.37,1.03,0.375,7964.0,chlorobenzene,8.0,1.0,,,,,,,,,,,44,Al,CYTOP,550.0,,,Au,,TGBC,20.0,10000.0,3.9,14.0,PFOCTS,41,blade,,,,0.02,,,parallel,,,22.0,110.0,1.0,nitrogen,,,,,,,,,,,0.68,,,8.29,,,saturation,nitrogen,,,"[-10,60]",
291,264,45,literature,journal_article,10.1021/acsapm.2c00554,,,132,39,"Poly{[N,N'-bis(2-octyldodecyl)naphthalene-1,4,5,8-bis(dicarboximide)-2,6-diyl]-alt-5,5'-(2,2'-bithiophene)}",N2200,132.69,64.1,2.07,,,0.5,105.0,poly(styrene),PS,33.37,1.03,0.5,7964.0,chlorobenzene,8.0,1.0,,,,,,,,,,,44,Al,CYTOP,550.0,,,Au,,TGBC,20.0,10000.0,3.9,14.0,PFOCTS,41,blade,,,,0.02,,,parallel,,,22.0,110.0,1.0,nitrogen,,,,,,,,,,,0.52,,,5.74,,,saturation,nitrogen,,,"[-10,60]",
292,265,45,literature,journal_article,10.1021/acsapm.2c00554,,,133,39,"Poly{[N,N'-bis(2-octyldodecyl)naphthalene-1,4,5,8-bis(dicarboximide)-2,6-diyl]-alt-5,5'-(2,2'-bithiophene)}",N2200,132.69,64.1,2.07,,,0.375,105.0,poly(styrene),PS,33.37,1.03,0.625,7964.0,chlorobenzene,8.0,1.0,,,,,,,,,,,44,Al,CYTOP,550.0,,,Au,,TGBC,20.0,10000.0,3.9,14.0,PFOCTS,41,blade,,,,0.02,,,parallel,,,22.0,110.0,1.0,nitrogen,,,,,,,,,,,0.405,,,8.21,,,saturation,nitrogen,,,"[-10,60]",
293,266,45,literature,journal_article,10.1021/acsapm.2c00554,,,134,39,"Poly{[N,N'-bis(2-octyldodecyl)naphthalene-1,4,5,8-bis(dicarboximide)-2,6-diyl]-alt-5,5'-(2,2'-bithiophene)}",N2200,132.69,64.1,2.07,,,0.25,105.0,poly(styrene),PS,33.37,1.03,0.75,7964.0,chlorobenzene,8.0,1.0,,,,,,,,,,,44,Al,CYTOP,550.0,,,Au,,TGBC,20.0,10000.0,3.9,14.0,PFOCTS,41,blade,,,,0.02,,,parallel,,,22.0,110.0,1.0,nitrogen,,,,,,,,,,,0.271,,,7.83,,,saturation,nitrogen,,,"[-10,60]",
294,267,45,literature,journal_article,10.1021/acsapm.2c00554,,,135,39,"Poly{[N,N'-bis(2-octyldodecyl)naphthalene-1,4,5,8-bis(dicarboximide)-2,6-diyl]-alt-5,5'-(2,2'-bithiophene)}",N2200,132.69,64.1,2.07,,,0.125,105.0,poly(styrene),PS,33.37,1.03,0.875,7964.0,chlorobenzene,8.0,1.0,,,,,,,,,,,44,Al,CYTOP,550.0,,,Au,,TGBC,20.0,10000.0,3.9,14.0,PFOCTS,41,blade,,,,0.02,,,parallel,,,22.0,110.0,1.0,nitrogen,,,,,,,,,,,0.124,,,6.62,,,saturation,nitrogen,,,"[-10,60]",
295,268,45,literature,journal_article,10.1021/acsapm.2c00554,,,136,39,"Poly{[N,N'-bis(2-octyldodecyl)naphthalene-1,4,5,8-bis(dicarboximide)-2,6-diyl]-alt-5,5'-(2,2'-bithiophene)}",N2200,132.69,64.1,2.07,,,0.0625,105.0,poly(styrene),PS,33.37,1.03,0.9375,7964.0,chlorobenzene,8.0,1.0,,,,,,,,,,,44,Al,CYTOP,550.0,,,Au,,TGBC,20.0,10000.0,3.9,14.0,PFOCTS,41,blade,,,,0.02,,,parallel,,,22.0,110.0,1.0,nitrogen,,,,,,,,,,,0.025,,,7.86,,,saturation,nitrogen,,,"[-10,60]",
296,269,45,literature,journal_article,10.1021/acsapm.2c00554,,,137,39,"Poly{[N,N'-bis(2-octyldodecyl)naphthalene-1,4,5,8-bis(dicarboximide)-2,6-diyl]-alt-5,5'-(2,2'-bithiophene)}",N2200,132.69,64.1,2.07,,,0.0375,105.0,poly(styrene),PS,33.37,1.03,0.9625,7964.0,chlorobenzene,8.0,1.0,,,,,,,,,,,44,Al,CYTOP,550.0,,,Au,,TGBC,20.0,10000.0,3.9,14.0,PFOCTS,41,blade,,,,0.02,,,parallel,,,22.0,110.0,1.0,nitrogen,,,,,,,,,,,0.013,,,11.47,,,saturation,nitrogen,,,"[-10,60]",
297,270,45,literature,journal_article,10.1021/acsapm.2c00554,,,138,39,"Poly{[N,N'-bis(2-octyldodecyl)naphthalene-1,4,5,8-bis(dicarboximide)-2,6-diyl]-alt-5,5'-(2,2'-bithiophene)}",N2200,132.69,64.1,2.07,,,0.0125,105.0,poly(styrene),PS,33.37,1.03,0.9875,7964.0,chlorobenzene,8.0,1.0,,,,,,,,,,,44,Al,CYTOP,550.0,,,Au,,TGBC,20.0,10000.0,3.9,14.0,PFOCTS,41,blade,,,,0.02,,,parallel,,,22.0,110.0,1.0,nitrogen,,,,,,,,,,,0.01,,,13.92,,,saturation,nitrogen,,,"[-10,60]",
298,271,45,literature,journal_article,10.1021/acsapm.2c00554,,,139,39,"Poly{[N,N'-bis(2-octyldodecyl)naphthalene-1,4,5,8-bis(dicarboximide)-2,6-diyl]-alt-5,5'-(2,2'-bithiophene)}",N2200,132.69,64.1,2.07,,,0.00625,105.0,poly(styrene),PS,33.37,1.03,0.99375,7964.0,chlorobenzene,8.0,1.0,,,,,,,,,,,44,Al,CYTOP,550.0,,,Au,,TGBC,20.0,10000.0,3.9,14.0,PFOCTS,41,blade,,,,0.02,,,parallel,,,22.0,110.0,1.0,nitrogen,,,,,,,,,,,0.008,,,19.55,,,saturation,nitrogen,,,"[-10,60]",
299,272,45,literature,journal_article,10.1021/acsapm.2c00554,,,140,39,"Poly{[N,N'-bis(2-octyldodecyl)naphthalene-1,4,5,8-bis(dicarboximide)-2,6-diyl]-alt-5,5'-(2,2'-bithiophene)}",N2200,132.69,64.1,2.07,,,0.0025,105.0,poly(styrene),PS,33.37,1.03,0.9975,7964.0,chlorobenzene,8.0,1.0,,,,,,,,,,,44,Al,CYTOP,550.0,,,Au,,TGBC,20.0,10000.0,3.9,14.0,PFOCTS,41,blade,,,,0.02,,,parallel,,,22.0,110.0,1.0,nitrogen,,,,,,,,,,,0.0012,,,17.35,,,saturation,nitrogen,,,"[-10,60]",
300,273,45,literature,journal_article,10.1021/acsapm.2c00554,,,128,39,"Poly{[N,N'-bis(2-octyldodecyl)naphthalene-1,4,5,8-bis(dicarboximide)-2,6-diyl]-alt-5,5'-(2,2'-bithiophene)}",N2200,132.69,64.1,2.07,,,1.0,,,,,,,7964.0,chlorobenzene,8.0,1.0,,,,,,,,,,,44,Al,CYTOP,550.0,,,Au,,TGBC,20.0,10000.0,3.9,14.0,PFOCTS,42,blade,,,,0.02,,,perpendicular,,,22.0,110.0,1.0,nitrogen,,,,,,,,,,,0.15,,,0.21,,,saturation,nitrogen,,,"[-10,60]",
301,274,45,literature,journal_article,10.1021/acsapm.2c00554,,,129,39,"Poly{[N,N'-bis(2-octyldodecyl)naphthalene-1,4,5,8-bis(dicarboximide)-2,6-diyl]-alt-5,5'-(2,2'-bithiophene)}",N2200,132.69,64.1,2.07,,,0.875,105.0,poly(styrene),PS,33.37,1.03,0.125,7964.0,chlorobenzene,8.0,1.0,,,,,,,,,,,44,Al,CYTOP,550.0,,,Au,,TGBC,20.0,10000.0,3.9,14.0,PFOCTS,42,blade,,,,0.02,,,perpendicular,,,22.0,110.0,1.0,nitrogen,,,,,,,,,,,0.14,,,0.1,,,saturation,nitrogen,,,"[-10,60]",
302,275,45,literature,journal_article,10.1021/acsapm.2c00554,,,151,39,"Poly{[N,N'-bis(2-octyldodecyl)naphthalene-1,4,5,8-bis(dicarboximide)-2,6-diyl]-alt-5,5'-(2,2'-bithiophene)}",N2200,132.69,64.1,2.07,,,75.0,105.0,poly(styrene),PS,33.37,1.03,0.25,7964.0,chlorobenzene,8.0,1.0,,,,,,,,,,,44,Al,CYTOP,550.0,,,Au,,TGBC,20.0,10000.0,3.9,14.0,PFOCTS,42,blade,,,,0.02,,,perpendicular,,,22.0,110.0,1.0,nitrogen,,,,,,,,,,,0.15,,,1.62,,,saturation,nitrogen,,,"[-10,60]",
303,276,45,literature,journal_article,10.1021/acsapm.2c00554,,,131,39,"Poly{[N,N'-bis(2-octyldodecyl)naphthalene-1,4,5,8-bis(dicarboximide)-2,6-diyl]-alt-5,5'-(2,2'-bithiophene)}",N2200,132.69,64.1,2.07,,,0.625,105.0,poly(styrene),PS,33.37,1.03,0.375,7964.0,chlorobenzene,8.0,1.0,,,,,,,,,,,44,Al,CYTOP,550.0,,,Au,,TGBC,20.0,10000.0,3.9,14.0,PFOCTS,42,blade,,,,0.02,,,perpendicular,,,22.0,110.0,1.0,nitrogen,,,,,,,,,,,0.17,,,5.38,,,saturation,nitrogen,,,"[-10,60]",
304,277,45,literature,journal_article,10.1021/acsapm.2c00554,,,132,39,"Poly{[N,N'-bis(2-octyldodecyl)naphthalene-1,4,5,8-bis(dicarboximide)-2,6-diyl]-alt-5,5'-(2,2'-bithiophene)}",N2200,132.69,64.1,2.07,,,0.5,105.0,poly(styrene),PS,33.37,1.03,0.5,7964.0,chlorobenzene,8.0,1.0,,,,,,,,,,,44,Al,CYTOP,550.0,,,Au,,TGBC,20.0,10000.0,3.9,14.0,PFOCTS,42,blade,,,,0.02,,,perpendicular,,,22.0,110.0,1.0,nitrogen,,,,,,,,,,,0.19,,,6.33,,,saturation,nitrogen,,,"[-10,60]",
305,278,45,literature,journal_article,10.1021/acsapm.2c00554,,,133,39,"Poly{[N,N'-bis(2-octyldodecyl)naphthalene-1,4,5,8-bis(dicarboximide)-2,6-diyl]-alt-5,5'-(2,2'-bithiophene)}",N2200,132.69,64.1,2.07,,,0.375,105.0,poly(styrene),PS,33.37,1.03,0.625,7964.0,chlorobenzene,8.0,1.0,,,,,,,,,,,44,Al,CYTOP,550.0,,,Au,,TGBC,20.0,10000.0,3.9,14.0,PFOCTS,42,blade,,,,0.02,,,perpendicular,,,22.0,110.0,1.0,nitrogen,,,,,,,,,,,0.137,,,5.63,,,saturation,nitrogen,,,"[-10,60]",
306,279,45,literature,journal_article,10.1021/acsapm.2c00554,,,134,39,"Poly{[N,N'-bis(2-octyldodecyl)naphthalene-1,4,5,8-bis(dicarboximide)-2,6-diyl]-alt-5,5'-(2,2'-bithiophene)}",N2200,132.69,64.1,2.07,,,0.25,105.0,poly(styrene),PS,33.37,1.03,0.75,7964.0,chlorobenzene,8.0,1.0,,,,,,,,,,,44,Al,CYTOP,550.0,,,Au,,TGBC,20.0,10000.0,3.9,14.0,PFOCTS,42,blade,,,,0.02,,,perpendicular,,,22.0,110.0,1.0,nitrogen,,,,,,,,,,,0.092,,,6.45,,,saturation,nitrogen,,,"[-10,60]",
307,280,45,literature,journal_article,10.1021/acsapm.2c00554,,,135,39,"Poly{[N,N'-bis(2-octyldodecyl)naphthalene-1,4,5,8-bis(dicarboximide)-2,6-diyl]-alt-5,5'-(2,2'-bithiophene)}",N2200,132.69,64.1,2.07,,,0.125,105.0,poly(styrene),PS,33.37,1.03,0.875,7964.0,chlorobenzene,8.0,1.0,,,,,,,,,,,44,Al,CYTOP,550.0,,,Au,,TGBC,20.0,10000.0,3.9,14.0,PFOCTS,42,blade,,,,0.02,,,perpendicular,,,22.0,110.0,1.0,nitrogen,,,,,,,,,,,0.059,,,5.99,,,saturation,nitrogen,,,"[-10,60]",
308,281,45,literature,journal_article,10.1021/acsapm.2c00554,,,136,39,"Poly{[N,N'-bis(2-octyldodecyl)naphthalene-1,4,5,8-bis(dicarboximide)-2,6-diyl]-alt-5,5'-(2,2'-bithiophene)}",N2200,132.69,64.1,2.07,,,0.0625,105.0,poly(styrene),PS,33.37,1.03,0.9375,7964.0,chlorobenzene,8.0,1.0,,,,,,,,,,,44,Al,CYTOP,550.0,,,Au,,TGBC,20.0,10000.0,3.9,14.0,PFOCTS,42,blade,,,,0.02,,,perpendicular,,,22.0,110.0,1.0,nitrogen,,,,,,,,,,,0.015,,,7.93,,,saturation,nitrogen,,,"[-10,60]",
309,282,45,literature,journal_article,10.1021/acsapm.2c00554,,,137,39,"Poly{[N,N'-bis(2-octyldodecyl)naphthalene-1,4,5,8-bis(dicarboximide)-2,6-diyl]-alt-5,5'-(2,2'-bithiophene)}",N2200,132.69,64.1,2.07,,,0.0375,105.0,poly(styrene),PS,33.37,1.03,0.9625,7964.0,chlorobenzene,8.0,1.0,,,,,,,,,,,44,Al,CYTOP,550.0,,,Au,,TGBC,20.0,10000.0,3.9,14.0,PFOCTS,42,blade,,,,0.02,,,perpendicular,,,22.0,110.0,1.0,nitrogen,,,,,,,,,,,0.004,,,12.75,,,saturation,nitrogen,,,"[-10,60]",
310,283,45,literature,journal_article,10.1021/acsapm.2c00554,,,138,39,"Poly{[N,N'-bis(2-octyldodecyl)naphthalene-1,4,5,8-bis(dicarboximide)-2,6-diyl]-alt-5,5'-(2,2'-bithiophene)}",N2200,132.69,64.1,2.07,,,0.0125,105.0,poly(styrene),PS,33.37,1.03,0.9875,7964.0,chlorobenzene,8.0,1.0,,,,,,,,,,,44,Al,CYTOP,550.0,,,Au,,TGBC,20.0,10000.0,3.9,14.0,PFOCTS,42,blade,,,,0.02,,,perpendicular,,,22.0,110.0,1.0,nitrogen,,,,,,,,,,,0.007,,,17.03,,,saturation,nitrogen,,,"[-10,60]",
311,284,45,literature,journal_article,10.1021/acsapm.2c00554,,,139,39,"Poly{[N,N'-bis(2-octyldodecyl)naphthalene-1,4,5,8-bis(dicarboximide)-2,6-diyl]-alt-5,5'-(2,2'-bithiophene)}",N2200,132.69,64.1,2.07,,,0.00625,105.0,poly(styrene),PS,33.37,1.03,0.99375,7964.0,chlorobenzene,8.0,1.0,,,,,,,,,,,44,Al,CYTOP,550.0,,,Au,,TGBC,20.0,10000.0,3.9,14.0,PFOCTS,42,blade,,,,0.02,,,perpendicular,,,22.0,110.0,1.0,nitrogen,,,,,,,,,,,0.0198,,,22.4,,,saturation,nitrogen,,,"[-10,60]",
312,285,45,literature,journal_article,10.1021/acsapm.2c00554,,,140,39,"Poly{[N,N'-bis(2-octyldodecyl)naphthalene-1,4,5,8-bis(dicarboximide)-2,6-diyl]-alt-5,5'-(2,2'-bithiophene)}",N2200,132.69,64.1,2.07,,,0.0025,105.0,poly(styrene),PS,33.37,1.03,0.9975,7964.0,chlorobenzene,8.0,1.0,,,,,,,,,,,44,Al,CYTOP,550.0,,,Au,,TGBC,20.0,10000.0,3.9,14.0,PFOCTS,42,blade,,,,0.02,,,perpendicular,,,22.0,110.0,1.0,nitrogen,,,,,,,,,,,0.0015,,,17.85,,,saturation,nitrogen,,,"[-10,60]",
313,286,46,literature,journal_article,10.1021/acs.macromol.1c02329,,,152,42,"Poly{[N,N'-bis(2-octyldodecyl)naphthalene-1,4,5,8-bis(dicarboximide)-2,6-diyl]-alt-5,5'-(2,2'-bithiophene)}",N2200,171.0,57.0,3.0,,,1.0,,,,,,,6212.0,chloroform,5.0,1.0,,,,,,,,,,,45,Au,PMMA,750.0,,,Au,,TGBC,80.0,5600.0,3.4,16.0,uv_ozone,43,blade,,,50.0,0.5,75.0,,perpendicular,,,25.0,200.0,0.5,nitrogen,,,,,,,,,,,0.25,,,,,,saturation,nitrogen,,60.0,"[-10,60]",
314,287,46,literature,journal_article,10.1021/acs.macromol.1c02329,,,153,42,"Poly{[N,N'-bis(2-octyldodecyl)naphthalene-1,4,5,8-bis(dicarboximide)-2,6-diyl]-alt-5,5'-(2,2'-bithiophene)}",N2200,171.0,57.0,3.0,,,0.99,106.0,ethylene glycol,EG,,,0.01,6212.0,chloroform,5.0,1.0,,,,,,,,,,,45,Au,PMMA,750.0,,,Au,,TGBC,80.0,5600.0,3.4,16.0,uv_ozone,43,blade,,,50.0,0.5,75.0,,perpendicular,,,25.0,200.0,0.5,nitrogen,,,,,,,,,,,0.69,,,,,,saturation,nitrogen,,60.0,"[-10,60]",
315,288,46,literature,journal_article,10.1021/acs.macromol.1c02329,,,154,42,"Poly{[N,N'-bis(2-octyldodecyl)naphthalene-1,4,5,8-bis(dicarboximide)-2,6-diyl]-alt-5,5'-(2,2'-bithiophene)}",N2200,171.0,57.0,3.0,,,0.98,106.0,ethylene glycol,EG,,,0.02,6212.0,chloroform,5.0,1.0,,,,,,,,,,,45,Au,PMMA,750.0,,,Au,,TGBC,80.0,5600.0,3.4,16.0,uv_ozone,43,blade,,,50.0,0.5,75.0,,perpendicular,,,25.0,200.0,0.5,nitrogen,,,,,,,,,,,1.15,,,,,,saturation,nitrogen,,60.0,"[-10,60]",
316,289,46,literature,journal_article,10.1021/acs.macromol.1c02329,,,155,42,"Poly{[N,N'-bis(2-octyldodecyl)naphthalene-1,4,5,8-bis(dicarboximide)-2,6-diyl]-alt-5,5'-(2,2'-bithiophene)}",N2200,171.0,57.0,3.0,,,0.97,106.0,ethylene glycol,EG,,,0.03,6212.0,chloroform,5.0,1.0,,,,,,,,,,,45,Au,PMMA,750.0,,,Au,,TGBC,80.0,5600.0,3.4,16.0,uv_ozone,43,blade,,,50.0,0.5,75.0,,perpendicular,,,25.0,200.0,0.5,nitrogen,,,,,,,,,,,1.21,,,,,,saturation,nitrogen,,60.0,"[-10,60]",
317,290,46,literature,journal_article,10.1021/acs.macromol.1c02329,,,156,42,"Poly{[N,N'-bis(2-octyldodecyl)naphthalene-1,4,5,8-bis(dicarboximide)-2,6-diyl]-alt-5,5'-(2,2'-bithiophene)}",N2200,171.0,57.0,3.0,,,0.96,106.0,ethylene glycol,EG,,,0.04,6212.0,chloroform,5.0,1.0,,,,,,,,,,,45,Au,PMMA,750.0,,,Au,,TGBC,80.0,5600.0,3.4,16.0,uv_ozone,43,blade,,,50.0,0.5,75.0,,perpendicular,,,25.0,200.0,0.5,nitrogen,,,,,,,,,,,0.96,,,,,,saturation,nitrogen,,60.0,"[-10,60]",
318,291,46,literature,journal_article,10.1021/acs.macromol.1c02329,,,152,42,"Poly{[N,N'-bis(2-octyldodecyl)naphthalene-1,4,5,8-bis(dicarboximide)-2,6-diyl]-alt-5,5'-(2,2'-bithiophene)}",N2200,171.0,57.0,3.0,,,1.0,,,,,,,6212.0,chloroform,5.0,1.0,,,,,,,,,,,45,Au,PMMA,750.0,,,Au,,TGBC,80.0,5600.0,3.4,16.0,uv_ozone,44,blade,,,50.0,0.5,75.0,,parallel,,,25.0,200.0,0.5,nitrogen,,,,,,,,,,,0.27,,,,,,saturation,nitrogen,,60.0,"[-10,60]",
319,292,46,literature,journal_article,10.1021/acs.macromol.1c02329,,,153,42,"Poly{[N,N'-bis(2-octyldodecyl)naphthalene-1,4,5,8-bis(dicarboximide)-2,6-diyl]-alt-5,5'-(2,2'-bithiophene)}",N2200,171.0,57.0,3.0,,,0.99,106.0,ethylene glycol,EG,,,0.01,6212.0,chloroform,5.0,1.0,,,,,,,,,,,45,Au,PMMA,750.0,,,Au,,TGBC,80.0,5600.0,3.4,16.0,uv_ozone,44,blade,,,50.0,0.5,75.0,,parallel,,,25.0,200.0,0.5,nitrogen,,,,,,,,,,,0.41,,,,,,saturation,nitrogen,,60.0,"[-10,60]",
320,293,46,literature,journal_article,10.1021/acs.macromol.1c02329,,,154,42,"Poly{[N,N'-bis(2-octyldodecyl)naphthalene-1,4,5,8-bis(dicarboximide)-2,6-diyl]-alt-5,5'-(2,2'-bithiophene)}",N2200,171.0,57.0,3.0,,,0.98,106.0,ethylene glycol,EG,,,0.02,6212.0,chloroform,5.0,1.0,,,,,,,,,,,45,Au,PMMA,750.0,,,Au,,TGBC,80.0,5600.0,3.4,16.0,uv_ozone,44,blade,,,50.0,0.5,75.0,,parallel,,,25.0,200.0,0.5,nitrogen,,,,,,,,,,,0.57,,,,,,saturation,nitrogen,,60.0,"[-10,60]",
321,294,46,literature,journal_article,10.1021/acs.macromol.1c02329,,,155,42,"Poly{[N,N'-bis(2-octyldodecyl)naphthalene-1,4,5,8-bis(dicarboximide)-2,6-diyl]-alt-5,5'-(2,2'-bithiophene)}",N2200,171.0,57.0,3.0,,,0.97,106.0,ethylene glycol,EG,,,0.03,6212.0,chloroform,5.0,1.0,,,,,,,,,,,45,Au,PMMA,750.0,,,Au,,TGBC,80.0,5600.0,3.4,16.0,uv_ozone,44,blade,,,50.0,0.5,75.0,,parallel,,,25.0,200.0,0.5,nitrogen,,,,,,,,,,,0.55,,,,,,saturation,nitrogen,,60.0,"[-10,60]",
322,295,46,literature,journal_article,10.1021/acs.macromol.1c02329,,,156,42,"Poly{[N,N'-bis(2-octyldodecyl)naphthalene-1,4,5,8-bis(dicarboximide)-2,6-diyl]-alt-5,5'-(2,2'-bithiophene)}",N2200,171.0,57.0,3.0,,,0.96,106.0,ethylene glycol,EG,,,0.04,6212.0,chloroform,5.0,1.0,,,,,,,,,,,45,Au,PMMA,750.0,,,Au,,TGBC,80.0,5600.0,3.4,16.0,uv_ozone,44,blade,,,50.0,0.5,75.0,,parallel,,,25.0,200.0,0.5,nitrogen,,,,,,,,,,,0.54,,,,,,saturation,nitrogen,,60.0,"[-10,60]",
323,296,46,literature,journal_article,10.1021/acs.macromol.1c02329,,,152,42,"Poly{[N,N'-bis(2-octyldodecyl)naphthalene-1,4,5,8-bis(dicarboximide)-2,6-diyl]-alt-5,5'-(2,2'-bithiophene)}",N2200,171.0,57.0,3.0,,,1.0,,,,,,,6212.0,chloroform,5.0,1.0,,,,,,,,,,,45,Au,PMMA,750.0,,,Au,,TGBC,80.0,5600.0,3.4,16.0,uv_ozone,33,spin,2000.0,60.0,,,,,,,,25.0,200.0,0.5,nitrogen,,,,,,,,,,,0.33,,,,,,saturation,nitrogen,,60.0,"[-10,60]",
324,297,46,literature,journal_article,10.1021/acs.macromol.1c02329,,,153,42,"Poly{[N,N'-bis(2-octyldodecyl)naphthalene-1,4,5,8-bis(dicarboximide)-2,6-diyl]-alt-5,5'-(2,2'-bithiophene)}",N2200,171.0,57.0,3.0,,,0.99,106.0,ethylene glycol,EG,,,0.01,6212.0,chloroform,5.0,1.0,,,,,,,,,,,45,Au,PMMA,750.0,,,Au,,TGBC,80.0,5600.0,3.4,16.0,uv_ozone,33,spin,2000.0,60.0,,,,,,,,25.0,200.0,0.5,nitrogen,,,,,,,,,,,0.5,,,,,,saturation,nitrogen,,60.0,"[-10,60]",
325,298,46,literature,journal_article,10.1021/acs.macromol.1c02329,,,154,42,"Poly{[N,N'-bis(2-octyldodecyl)naphthalene-1,4,5,8-bis(dicarboximide)-2,6-diyl]-alt-5,5'-(2,2'-bithiophene)}",N2200,171.0,57.0,3.0,,,0.98,106.0,ethylene glycol,EG,,,0.02,6212.0,chloroform,5.0,1.0,,,,,,,,,,,45,Au,PMMA,750.0,,,Au,,TGBC,80.0,5600.0,3.4,16.0,uv_ozone,33,spin,2000.0,60.0,,,,,,,,25.0,200.0,0.5,nitrogen,,,,,,,,,,,0.52,,,,,,saturation,nitrogen,,60.0,"[-10,60]",
326,299,46,literature,journal_article,10.1021/acs.macromol.1c02329,,,155,42,"Poly{[N,N'-bis(2-octyldodecyl)naphthalene-1,4,5,8-bis(dicarboximide)-2,6-diyl]-alt-5,5'-(2,2'-bithiophene)}",N2200,171.0,57.0,3.0,,,0.97,106.0,ethylene glycol,EG,,,0.03,6212.0,chloroform,5.0,1.0,,,,,,,,,,,45,Au,PMMA,750.0,,,Au,,TGBC,80.0,5600.0,3.4,16.0,uv_ozone,33,spin,2000.0,60.0,,,,,,,,25.0,200.0,0.5,nitrogen,,,,,,,,,,,0.61,,,,,,saturation,nitrogen,,60.0,"[-10,60]",
327,300,46,literature,journal_article,10.1021/acs.macromol.1c02329,,,156,42,"Poly{[N,N'-bis(2-octyldodecyl)naphthalene-1,4,5,8-bis(dicarboximide)-2,6-diyl]-alt-5,5'-(2,2'-bithiophene)}",N2200,171.0,57.0,3.0,,,0.96,106.0,ethylene glycol,EG,,,0.04,6212.0,chloroform,5.0,1.0,,,,,,,,,,,45,Au,PMMA,750.0,,,Au,,TGBC,80.0,5600.0,3.4,16.0,uv_ozone,33,spin,2000.0,60.0,,,,,,,,25.0,200.0,0.5,nitrogen,,,,,,,,,,,0.59,,,,,,saturation,nitrogen,,60.0,"[-10,60]",
328,301,47,literature,journal_article,10.1038/s41598-020-60812-x,,,157,33,"Poly{[N,N'-bis(2-octyldodecyl)naphthalene-1,4,5,8-bis(dicarboximide)-2,6-diyl]-alt-5,5'-(2,2'-bithiophene)}",N2200,,,,,,1.0,,,,,,,6212.0,chloroform,1.0,1.0,,,,,,,,,,,46,,SiO2,,,,Au,,BGBC,20.0,2000.0,,3.0,OTS-8,45,drop,,,,,,,,air,,33.0,200.0,4.0,vacuum,,,,,,,,,,,0.03,,,33.9,100.0,,saturation,air,,60.0,"[0,100]",
329,302,48,literature,journal_article,10.1002/adfm.201807786,,,112,33,"Poly{[N,N'-bis(2-octyldodecyl)naphthalene-1,4,5,8-bis(dicarboximide)-2,6-diyl]-alt-5,5'-(2,2'-bithiophene)}",N2200,,,,,,1.0,,,,,,,7003.0,1-chloronaphthalene,10.0,1.0,,,,,,,,,,,32,Al,PMMA,500.0,,,Au,,TGBC,,,,,,46,spin,1000.0,60.0,,,,,,,25.0,25.0,200.0,0.5,nitrogen,,,23.15,,,,,,,,0.04,,,8.85,1000.0,,saturation,nitrogen,,60.0,"[-10,60]",
330,303,48,literature,journal_article,10.1002/adfm.201807786,,,112,33,"Poly{[N,N'-bis(2-octyldodecyl)naphthalene-1,4,5,8-bis(dicarboximide)-2,6-diyl]-alt-5,5'-(2,2'-bithiophene)}",N2200,,,,,,1.0,,,,,,,7003.0,1-chloronaphthalene,10.0,1.0,,,,,,,,,,,32,Al,PMMA,500.0,,,Au,,TGBC,,,,,,47,spin,1000.0,60.0,,,,,,,60.0,25.0,200.0,0.5,nitrogen,,,23.51,3.92,,,,,,,0.11,,,11.49,10000.0,,saturation,nitrogen,,60.0,"[-10,60]",
331,304,48,literature,journal_article,10.1002/adfm.201807786,,,112,33,"Poly{[N,N'-bis(2-octyldodecyl)naphthalene-1,4,5,8-bis(dicarboximide)-2,6-diyl]-alt-5,5'-(2,2'-bithiophene)}",N2200,,,,,,1.0,,,,,,,7003.0,1-chloronaphthalene,10.0,1.0,,,,,,,,,,,32,Al,PMMA,500.0,,,Au,,TGBC,,,,,,48,spin,1000.0,60.0,,,,,,,80.0,25.0,200.0,0.5,nitrogen,,,23.47,3.95,,,,,,,0.85,,,21.85,5500.0,,saturation,nitrogen,,60.0,"[-10,60]",
332,305,48,literature,journal_article,10.1002/adfm.201807786,,,112,33,"Poly{[N,N'-bis(2-octyldodecyl)naphthalene-1,4,5,8-bis(dicarboximide)-2,6-diyl]-alt-5,5'-(2,2'-bithiophene)}",N2200,,,,,,1.0,,,,,,,7003.0,1-chloronaphthalene,10.0,1.0,,,,,,,,,,,32,Al,PMMA,500.0,,,Au,,TGBC,,,,,,49,spin,1000.0,60.0,,,,,,,100.0,25.0,200.0,0.5,nitrogen,,,23.29,3.94,,,,,,,3.43,,,15.22,10000.0,,saturation,nitrogen,,60.0,"[-10,60]",
333,306,48,literature,journal_article,10.1002/adfm.201807786,,,112,33,"Poly{[N,N'-bis(2-octyldodecyl)naphthalene-1,4,5,8-bis(dicarboximide)-2,6-diyl]-alt-5,5'-(2,2'-bithiophene)}",N2200,,,,,,1.0,,,,,,,7003.0,1-chloronaphthalene,10.0,1.0,,,,,,,,,,,32,Al,PMMA,500.0,,,Au,,TGBC,,,,,,50,spin,1000.0,60.0,,,,,,,120.0,25.0,200.0,0.5,nitrogen,,,24.65,3.95,,,,,,,0.96,,,24.08,5500.0,,saturation,nitrogen,,60.0,"[-10,60]",
334,307,48,literature,journal_article,10.1002/adfm.201807786,,,112,33,"Poly{[N,N'-bis(2-octyldodecyl)naphthalene-1,4,5,8-bis(dicarboximide)-2,6-diyl]-alt-5,5'-(2,2'-bithiophene)}",N2200,,,,,,1.0,,,,,,,7003.0,1-chloronaphthalene,10.0,1.0,,,,,,,,,,,32,Al,PMMA,500.0,,,Au,,TGBC,,,,,,51,spin,1000.0,60.0,,,,,,,150.0,25.0,200.0,0.5,nitrogen,,,23.46,3.96,,,,,,,0.45,,,21.5,5500.0,,saturation,nitrogen,,60.0,"[-10,60]",
335,308,49,literature,journal_article,10.1002/adfm.201002729,,,158,43,"poly(3-hexylthiophene-2,5-diyl)",P3HT,47.7,24.0,1.9875,93.0,,,,,,,,,6212.0,chloroform,4.0,,,,,,,,,,,,47,n-doped Si,SiO2,200.0,,,Au,Cr,BGBC,50.0,2000.0,,,,52,spin,1500.0,,,,,,,air,,,,,,,,,,,,,,0.000202,,,,,,,,linear,air,,-3.0,,
336,308,49,literature,journal_article,10.1002/adfm.201002729,,,158,43,"poly(3-hexylthiophene-2,5-diyl)",P3HT,47.7,24.0,1.9875,93.0,,,,,,,,,6212.0,chloroform,4.0,,,,,,,,,,,,47,n-doped Si,SiO2,200.0,,,Au,Cr,BGBC,50.0,2000.0,,,,52,spin,1500.0,,,,,,,air,,,,,,,,,,,,,,0.00719,,,,,,,,linear,air,,-3.0,,
337,308,49,literature,journal_article,10.1002/adfm.201002729,,,158,43,"poly(3-hexylthiophene-2,5-diyl)",P3HT,47.7,24.0,1.9875,93.0,,,,,,,,,6212.0,chloroform,4.0,,,,,,,,,,,,47,n-doped Si,SiO2,200.0,,,Au,Cr,BGBC,50.0,2000.0,,,,52,spin,1500.0,,,,,,,air,,,,,,,,,,,,,,0.0294,,,,,,,,linear,air,,-3.0,,
338,308,49,literature,journal_article,10.1002/adfm.201002729,,,158,43,"poly(3-hexylthiophene-2,5-diyl)",P3HT,47.7,24.0,1.9875,93.0,,,,,,,,,6212.0,chloroform,4.0,,,,,,,,,,,,47,n-doped Si,SiO2,200.0,,,Au,Cr,BGBC,50.0,2000.0,,,,52,spin,1500.0,,,,,,,air,,,,,,,,,,,,,,0.0506,,,,,,,,linear,air,,-3.0,,
339,308,49,literature,journal_article,10.1002/adfm.201002729,,,158,43,"poly(3-hexylthiophene-2,5-diyl)",P3HT,47.7,24.0,1.9875,93.0,,,,,,,,,6212.0,chloroform,4.0,,,,,,,,,,,,47,n-doped Si,SiO2,200.0,,,Au,Cr,BGBC,50.0,2000.0,,,,52,spin,1500.0,,,,,,,air,,,,,,,,,,,,,,0.0306,,,,,,,,linear,air,,-3.0,,
340,308,49,literature,journal_article,10.1002/adfm.201002729,,,158,43,"poly(3-hexylthiophene-2,5-diyl)",P3HT,47.7,24.0,1.9875,93.0,,,,,,,,,6212.0,chloroform,4.0,,,,,,,,,,,,47,n-doped Si,SiO2,200.0,,,Au,Cr,BGBC,50.0,2000.0,,,,52,spin,1500.0,,,,,,,air,,,,,,,,,,,,,,0.0361,,,,,,,,linear,air,,-3.0,,
341,308,49,literature,journal_article,10.1002/adfm.201002729,,,158,43,"poly(3-hexylthiophene-2,5-diyl)",P3HT,47.7,24.0,1.9875,93.0,,,,,,,,,6212.0,chloroform,4.0,,,,,,,,,,,,47,n-doped Si,SiO2,200.0,,,Au,Cr,BGBC,50.0,2000.0,,,,52,spin,1500.0,,,,,,,air,,,,,,,,,,,,,,0.0153,,,,,,,,linear,air,,-3.0,,
342,309,50,literature,journal_article,10.1021/am3027822,,,159,44,"poly(3-hexylthiophene-2,5-diyl)",P3HT,47.7,24.0,1.9875,94.0,,,,,,,,,6212.0,chloroform,3.5,,,,,,,,,,,,48,n-doped Si,SiO2,200.0,,,Au,,BGBC,50.0,2000.0,,,,53,spin,1500.0,,,,,,,nitrogen,,34.0,10.0,110.0,,27.5,,,,,,,,0.0273,,,,,,,,linear,nitrogen,,-3.0,,
343,310,50,literature,journal_article,10.1021/am3027822,,,159,44,"poly(3-hexylthiophene-2,5-diyl)",P3HT,47.7,24.0,1.9875,94.0,,,,,,,,,6212.0,chloroform,3.5,,,,,,,,,,,,48,n-doped Si,SiO2,200.0,,,Au,,BGBC,50.0,2000.0,,,,54,dip,,,,,,1.0,,nitrogen,,34.0,10.0,110.0,,20.0,,,,,,,,0.0494,,,,,,,,linear,nitrogen,,-3.0,,
344,309,50,literature,journal_article,10.1021/am3027822,,,159,44,"poly(3-hexylthiophene-2,5-diyl)",P3HT,47.7,24.0,1.9875,94.0,,,,,,,,,6212.0,chloroform,3.5,,,,,,,,,,,,48,n-doped Si,SiO2,200.0,,,Au,,BGBC,50.0,2000.0,,,,53,spin,1500.0,,,,,,,nitrogen,,34.0,10.0,110.0,,27.5,,,,,,,,0.00116,,,,,,,,linear,nitrogen,,-3.0,,
345,310,50,literature,journal_article,10.1021/am3027822,,,159,44,"poly(3-hexylthiophene-2,5-diyl)",P3HT,47.7,24.0,1.9875,94.0,,,,,,,,,6212.0,chloroform,3.5,,,,,,,,,,,,48,n-doped Si,SiO2,200.0,,,Au,,BGBC,50.0,2000.0,,,,54,dip,,,,,,1.0,,nitrogen,,34.0,10.0,110.0,,20.0,,,,,,,,0.00345,,,,,,,,linear,nitrogen,,-3.0,,
346,311,50,literature,journal_article,10.1021/am3027822,,,160,45,"poly(3-hexylthiophene-2,5-diyl)",P3HT,23.0,12.7,1.811023622,98.0,,,,,,,,,6212.0,chloroform,3.5,,,,,,,,,,,,48,n-doped Si,SiO2,200.0,,,Au,,BGBC,50.0,2000.0,,,,53,spin,1500.0,,,,,,,nitrogen,,34.0,10.0,110.0,,27.5,,,,,,,,0.0608,,,,,,,,linear,nitrogen,,-3.0,,
347,312,50,literature,journal_article,10.1021/am3027822,,,160,45,"poly(3-hexylthiophene-2,5-diyl)",P3HT,23.0,12.7,1.811023622,98.0,,,,,,,,,6212.0,chloroform,3.5,,,,,,,,,,,,48,n-doped Si,SiO2,200.0,,,Au,,BGBC,50.0,2000.0,,,,54,dip,,,,,,1.0,,nitrogen,,34.0,10.0,110.0,,20.0,,,,,,,,0.0436,,,,,,,,linear,nitrogen,,-3.0,,
348,311,50,literature,journal_article,10.1021/am3027822,,,160,45,"poly(3-hexylthiophene-2,5-diyl)",P3HT,23.0,12.7,1.811023622,98.0,,,,,,,,,6212.0,chloroform,3.5,,,,,,,,,,,,48,n-doped Si,SiO2,200.0,,,Au,,BGBC,50.0,2000.0,,,,53,spin,1500.0,,,,,,,nitrogen,,34.0,10.0,110.0,,27.5,,,,,,,,0.0205,,,,,,,,linear,nitrogen,,-3.0,,
349,312,50,literature,journal_article,10.1021/am3027822,,,160,45,"poly(3-hexylthiophene-2,5-diyl)",P3HT,23.0,12.7,1.811023622,98.0,,,,,,,,,6212.0,chloroform,3.5,,,,,,,,,,,,48,n-doped Si,SiO2,200.0,,,Au,,BGBC,50.0,2000.0,,,,54,dip,,,,,,1.0,,nitrogen,,34.0,10.0,110.0,,20.0,,,,,,,,0.0148,,,,,,,,linear,nitrogen,,-3.0,,
350,313,51,literature,journal_article,10.1016/j.orgel.2011.06.027,,,161,46,"poly(3-hexylthiophene-2,5-diyl)",P3HT,,65.5,,96.6,,,,,,,,,6212.0,chloroform,10.0,,,,,,,,,,,,49,n-doped Si,SiO2,230.0,,,Au,,BGBC,10.0,10000.0,,,,55,spin,900.0,,,,,,,air,,,,,,130.0,,,,,,,,0.00073,,,,,,,,saturation,vacuum,,,,
351,314,51,literature,journal_article,10.1016/j.orgel.2011.06.027,,,161,46,"poly(3-hexylthiophene-2,5-diyl)",P3HT,,65.5,,96.6,,,,,,,,,6212.0,chloroform,10.0,,,,,2.0,aging,,,,1460.0,25.0,49,n-doped Si,SiO2,230.0,,,Au,,BGBC,10.0,10000.0,,,,55,spin,900.0,,,,,,,air,,,,,,130.0,,,,,,,,0.0156,,,,,,,,saturation,vacuum,,,,
352,315,52,literature,journal_article,10.1021/cm049617w,,,162,47,"poly(3-hexylthiophene-2,5-diyl)",P3HT,,37.0,,98.0,,,,,,,,,6212.0,chloroform,10.0,,,,,3.0,aging,,,,0.5,70.0,50,n-doped Si,SiO2,200.0,,,Au,,BGTC,95.0,1500.0,,12.0,HMDS,56,spin,1500.0,,,,,,,vacuum,,35.0,10.0,100.0,,40.0,,,,,,,,0.012,,,,,,,,,nitrogen,,-60.0,,
353,316,52,literature,journal_article,10.1021/cm049617w,,,163,47,"poly(3-hexylthiophene-2,5-diyl)",P3HT,,37.0,,98.0,,,,,,,,,7809.0,"1,4-xylene",10.0,,,,,3.0,aging,,,,0.5,70.0,50,n-doped Si,SiO2,200.0,,,Au,,BGTC,95.0,1500.0,,12.0,HMDS,56,spin,1500.0,,,,,,,vacuum,,35.0,10.0,100.0,,40.0,,,,,,,,0.042,,,,,,,,,nitrogen,,-60.0,,
354,317,52,literature,journal_article,10.1021/cm049617w,,,164,47,"poly(3-hexylthiophene-2,5-diyl)",P3HT,,37.0,,98.0,,,,,,,,,13229.0,cyclohexylbenzene,10.0,,,,,3.0,aging,,,,0.5,70.0,50,n-doped Si,SiO2,200.0,,,Au,,BGTC,95.0,1500.0,,12.0,HMDS,56,spin,1500.0,,,,,,,vacuum,,35.0,10.0,100.0,,40.0,,,,,,,,0.022,,,,,,,,,nitrogen,,-60.0,,
355,318,52,literature,journal_article,10.1021/cm049617w,,,165,47,"poly(3-hexylthiophene-2,5-diyl)",P3HT,,37.0,,98.0,,,,,,,,,13.0,"1,2,4-trichlorobenzene",10.0,,,,,3.0,aging,,,,0.5,70.0,50,n-doped Si,SiO2,200.0,,,Au,,BGTC,95.0,1500.0,,12.0,HMDS,56,spin,1500.0,,,,,,,vacuum,,35.0,10.0,100.0,,40.0,,,,,,,,0.12,,,,,,,,,nitrogen,,-60.0,,
356,319,52,literature,journal_article,10.1021/cm049617w,,,162,47,"poly(3-hexylthiophene-2,5-diyl)",P3HT,,37.0,,98.0,,,,,,,,,6212.0,chloroform,10.0,,,,,3.0,aging,,,,0.5,70.0,50,n-doped Si,SiO2,200.0,,,Au,,BGTC,95.0,1500.0,,13.0,FDTS,56,spin,1500.0,,,,,,,vacuum,,35.0,10.0,100.0,,40.0,,,,,,,,0.0076,,,,,,,,,nitrogen,,-60.0,,
357,320,52,literature,journal_article,10.1021/cm049617w,,,166,47,"poly(3-hexylthiophene-2,5-diyl)",P3HT,,37.0,,98.0,,,,,,,,,8030.0,thiophene,10.0,,,,,3.0,aging,,,,0.5,70.0,50,n-doped Si,SiO2,200.0,,,Au,,BGTC,95.0,1500.0,,13.0,FDTS,56,spin,1500.0,,,,,,,vacuum,,35.0,10.0,100.0,,40.0,,,,,,,,0.03,,,,,,,,,nitrogen,,-60.0,,
358,321,52,literature,journal_article,10.1021/cm049617w,,,163,47,"poly(3-hexylthiophene-2,5-diyl)",P3HT,,37.0,,98.0,,,,,,,,,7809.0,"1,4-xylene",10.0,,,,,3.0,aging,,,,0.5,70.0,50,n-doped Si,SiO2,200.0,,,Au,,BGTC,95.0,1500.0,,13.0,FDTS,56,spin,1500.0,,,,,,,vacuum,,35.0,10.0,100.0,,40.0,,,,,,,,0.041,,,,,,,,,nitrogen,,-60.0,,
359,322,52,literature,journal_article,10.1021/cm049617w,,,164,47,"poly(3-hexylthiophene-2,5-diyl)",P3HT,,37.0,,98.0,,,,,,,,,13229.0,cyclohexylbenzene,10.0,,,,,3.0,aging,,,,0.5,70.0,50,n-doped Si,SiO2,200.0,,,Au,,BGTC,95.0,1500.0,,13.0,FDTS,56,spin,1500.0,,,,,,,vacuum,,35.0,10.0,100.0,,40.0,,,,,,,,0.049,,,,,,,,,nitrogen,,-60.0,,
360,323,52,literature,journal_article,10.1021/cm049617w,,,165,47,"poly(3-hexylthiophene-2,5-diyl)",P3HT,,37.0,,98.0,,,,,,,,,13.0,"1,2,4-trichlorobenzene",10.0,,,,,3.0,aging,,,,0.5,70.0,50,n-doped Si,SiO2,200.0,,,Au,,BGTC,95.0,1500.0,,13.0,FDTS,56,spin,1500.0,,,,,,,vacuum,,35.0,10.0,100.0,,40.0,,,,,,,,0.063,,,,,,,,,nitrogen,,-60.0,,
361,324,53,literature,journal_article,10.1103/PhysRevB.74.115318,,,167,48,"poly(3-hexylthiophene-2,5-diyl)",P3HT,15.4,10.3,1.5,,,,,,,,,,6212.0,chloroform,10.0,,,,,4.0,aging,,,,30.0,70.0,51,n-doped Si,SiO2,230.0,,,Au,,BGBC,20.0,10000.0,,12.0,HMDS,53,spin,1500.0,,,,,,,nitrogen,,35.0,10.0,100.0,,35.0,,,,,,,,0.0076,,,,,,,,saturation,nitrogen,,-50.0,,
362,325,53,literature,journal_article,10.1103/PhysRevB.74.115318,,,168,49,"poly(3-hexylthiophene-2,5-diyl)",P3HT,20.0,11.1,1.8,,,,,,,,,,6212.0,chloroform,10.0,,,,,4.0,aging,,,,30.0,70.0,51,n-doped Si,SiO2,230.0,,,Au,,BGBC,20.0,10000.0,,12.0,HMDS,53,spin,1500.0,,,,,,,nitrogen,,35.0,10.0,100.0,,35.0,,,,,,,,0.00496,,,,,,,,saturation,nitrogen,,-50.0,,
363,326,53,literature,journal_article,10.1103/PhysRevB.74.115318,,,169,50,"poly(3-hexylthiophene-2,5-diyl)",P3HT,22.0,13.8,1.6,,,,,,,,,,6212.0,chloroform,10.0,,,,,4.0,aging,,,,30.0,70.0,52,n-doped Si,SiO2,200.0,,,Au,,BGBC,20.0,10000.0,,12.0,HMDS,53,spin,1500.0,,,,,,,nitrogen,,35.0,10.0,100.0,,35.0,,,,,,,,0.00948,,,,,,,,saturation,nitrogen,,-50.0,,
364,327,53,literature,journal_article,10.1103/PhysRevB.74.115318,,,170,51,"poly(3-hexylthiophene-2,5-diyl)",P3HT,29.0,19.3,1.5,,,,,,,,,,6212.0,chloroform,10.0,,,,,4.0,aging,,,,30.0,70.0,52,n-doped Si,SiO2,200.0,,,Au,,BGBC,20.0,10000.0,,12.0,HMDS,53,spin,1500.0,,,,,,,nitrogen,,35.0,10.0,100.0,,35.0,,,,,,,,0.012,,,,,,,,saturation,nitrogen,,-50.0,,
365,328,53,literature,journal_article,10.1103/PhysRevB.74.115318,,,171,52,"poly(3-hexylthiophene-2,5-diyl)",P3HT,42.0,23.3,1.8,,,,,,,,,,6212.0,chloroform,10.0,,,,,4.0,aging,,,,30.0,70.0,52,n-doped Si,SiO2,200.0,,,Au,,BGBC,20.0,10000.0,,12.0,HMDS,53,spin,1500.0,,,,,,,nitrogen,,35.0,10.0,100.0,,35.0,,,,,,,,0.00529,,,,,,,,saturation,nitrogen,,-50.0,,
366,329,53,literature,journal_article,10.1103/PhysRevB.74.115318,,,172,53,"poly(3-hexylthiophene-2,5-diyl)",P3HT,52.0,22.6,2.3,,,,,,,,,,6212.0,chloroform,10.0,,,,,4.0,aging,,,,30.0,70.0,52,n-doped Si,SiO2,200.0,,,Au,,BGBC,20.0,10000.0,,12.0,HMDS,53,spin,1500.0,,,,,,,nitrogen,,35.0,10.0,100.0,,35.0,,,,,,,,0.00554,,,,,,,,saturation,nitrogen,,-50.0,,
367,330,53,literature,journal_article,10.1103/PhysRevB.74.115318,,,173,54,"poly(3-hexylthiophene-2,5-diyl)",P3HT,76.0,44.7,1.7,,,,,,,,,,6212.0,chloroform,10.0,,,,,4.0,aging,,,,30.0,70.0,52,n-doped Si,SiO2,200.0,,,Au,,BGBC,20.0,10000.0,,12.0,HMDS,53,spin,1500.0,,,,,,,nitrogen,,35.0,10.0,100.0,,35.0,,,,,,,,0.00299,,,,,,,,saturation,nitrogen,,-50.0,,
368,331,53,literature,journal_article,10.1103/PhysRevB.74.115318,,,174,55,"poly(3-hexylthiophene-2,5-diyl)",P3HT,270.0,117.4,2.3,,,,,,,,,,6212.0,chloroform,10.0,,,,,4.0,aging,,,,30.0,70.0,52,n-doped Si,SiO2,200.0,,,Au,,BGBC,20.0,10000.0,,12.0,HMDS,53,spin,1500.0,,,,,,,nitrogen,,35.0,10.0,100.0,,35.0,,,,,,,,0.0081,,,,,,,,saturation,nitrogen,,-50.0,,
369,332,53,literature,journal_article,10.1103/PhysRevB.74.115318,,,175,48,"poly(3-hexylthiophene-2,5-diyl)",P3HT,15.4,10.3,1.5,,,,,,,,,,13.0,"1,2,4-trichlorobenzene",10.0,,,,,4.0,aging,,,,30.0,70.0,52,n-doped Si,SiO2,200.0,,,Au,,BGBC,20.0,10000.0,,12.0,HMDS,53,spin,1500.0,,,,,,,nitrogen,,35.0,10.0,100.0,,35.0,,,,,,,,0.0017,,,,,,,,saturation,nitrogen,,-50.0,,
370,333,53,literature,journal_article,10.1103/PhysRevB.74.115318,,,176,49,"poly(3-hexylthiophene-2,5-diyl)",P3HT,20.0,11.1,1.8,,,,,,,,,,13.0,"1,2,4-trichlorobenzene",10.0,,,,,4.0,aging,,,,30.0,70.0,52,n-doped Si,SiO2,200.0,,,Au,,BGBC,20.0,10000.0,,12.0,HMDS,53,spin,1500.0,,,,,,,nitrogen,,35.0,10.0,100.0,,35.0,,,,,,,,0.00149,,,,,,,,saturation,nitrogen,,-50.0,,
371,334,53,literature,journal_article,10.1103/PhysRevB.74.115318,,,177,50,"poly(3-hexylthiophene-2,5-diyl)",P3HT,22.0,13.8,1.6,,,,,,,,,,13.0,"1,2,4-trichlorobenzene",10.0,,,,,4.0,aging,,,,30.0,70.0,52,n-doped Si,SiO2,200.0,,,Au,,BGBC,20.0,10000.0,,12.0,HMDS,53,spin,1500.0,,,,,,,nitrogen,,35.0,10.0,100.0,,35.0,,,,,,,,0.0305,,,,,,,,saturation,nitrogen,,-50.0,,
372,335,53,literature,journal_article,10.1103/PhysRevB.74.115318,,,178,51,"poly(3-hexylthiophene-2,5-diyl)",P3HT,29.0,19.3,1.5,,,,,,,,,,13.0,"1,2,4-trichlorobenzene",10.0,,,,,4.0,aging,,,,30.0,70.0,52,n-doped Si,SiO2,200.0,,,Au,,BGBC,20.0,10000.0,,12.0,HMDS,53,spin,1500.0,,,,,,,nitrogen,,35.0,10.0,100.0,,35.0,,,,,,,,0.0631,,,,,,,,saturation,nitrogen,,-50.0,,
373,336,53,literature,journal_article,10.1103/PhysRevB.74.115318,,,179,52,"poly(3-hexylthiophene-2,5-diyl)",P3HT,42.0,23.3,1.8,,,,,,,,,,13.0,"1,2,4-trichlorobenzene",10.0,,,,,4.0,aging,,,,30.0,70.0,52,n-doped Si,SiO2,200.0,,,Au,,BGBC,20.0,10000.0,,12.0,HMDS,53,spin,1500.0,,,,,,,nitrogen,,35.0,10.0,100.0,,35.0,,,,,,,,0.0775,,,,,,,,saturation,nitrogen,,-50.0,,
374,337,53,literature,journal_article,10.1103/PhysRevB.74.115318,,,180,53,"poly(3-hexylthiophene-2,5-diyl)",P3HT,52.0,22.6,2.3,,,,,,,,,,13.0,"1,2,4-trichlorobenzene",10.0,,,,,4.0,aging,,,,30.0,70.0,52,n-doped Si,SiO2,200.0,,,Au,,BGBC,20.0,10000.0,,12.0,HMDS,53,spin,1500.0,,,,,,,nitrogen,,35.0,10.0,100.0,,35.0,,,,,,,,0.0982,,,,,,,,saturation,nitrogen,,-50.0,,
375,338,53,literature,journal_article,10.1103/PhysRevB.74.115318,,,181,54,"poly(3-hexylthiophene-2,5-diyl)",P3HT,76.0,44.7,1.7,,,,,,,,,,13.0,"1,2,4-trichlorobenzene",10.0,,,,,4.0,aging,,,,30.0,70.0,52,n-doped Si,SiO2,200.0,,,Au,,BGBC,20.0,10000.0,,12.0,HMDS,53,spin,1500.0,,,,,,,nitrogen,,35.0,10.0,100.0,,35.0,,,,,,,,0.1226,,,,,,,,saturation,nitrogen,,-50.0,,
376,339,53,literature,journal_article,10.1103/PhysRevB.74.115318,,,182,55,"poly(3-hexylthiophene-2,5-diyl)",P3HT,270.0,117.4,2.3,,,,,,,,,,13.0,"1,2,4-trichlorobenzene",10.0,,,,,4.0,aging,,,,30.0,70.0,52,n-doped Si,SiO2,200.0,,,Au,,BGBC,20.0,10000.0,,12.0,HMDS,53,spin,1500.0,,,,,,,nitrogen,,35.0,10.0,100.0,,35.0,,,,,,,,0.1435,,,,,,,,saturation,nitrogen,,-50.0,,
377,340,53,literature,journal_article,10.1103/PhysRevB.74.115318,,,167,48,"poly(3-hexylthiophene-2,5-diyl)",P3HT,15.4,10.3,1.5,,,,,,,,,,6212.0,chloroform,10.0,,,,,4.0,aging,,,,30.0,70.0,52,n-doped Si,SiO2,200.0,,,Au,,BGBC,20.0,10000.0,,12.0,HMDS,57,drop,,,,,,,,nitrogen,,35.0,10.0,100.0,,35.0,,,,,,,,0.00994,,,,,,,,saturation,nitrogen,,-50.0,,
378,341,53,literature,journal_article,10.1103/PhysRevB.74.115318,,,168,49,"poly(3-hexylthiophene-2,5-diyl)",P3HT,20.0,11.1,1.8,,,,,,,,,,6212.0,chloroform,10.0,,,,,4.0,aging,,,,30.0,70.0,52,n-doped Si,SiO2,200.0,,,Au,,BGBC,20.0,10000.0,,12.0,HMDS,57,drop,,,,,,,,nitrogen,,35.0,10.0,100.0,,35.0,,,,,,,,0.0187,,,,,,,,saturation,nitrogen,,-50.0,,
379,342,53,literature,journal_article,10.1103/PhysRevB.74.115318,,,169,50,"poly(3-hexylthiophene-2,5-diyl)",P3HT,22.0,13.8,1.6,,,,,,,,,,6212.0,chloroform,10.0,,,,,4.0,aging,,,,30.0,70.0,52,n-doped Si,SiO2,200.0,,,Au,,BGBC,20.0,10000.0,,12.0,HMDS,57,drop,,,,,,,,nitrogen,,35.0,10.0,100.0,,35.0,,,,,,,,0.0273,,,,,,,,saturation,nitrogen,,-50.0,,
380,343,53,literature,journal_article,10.1103/PhysRevB.74.115318,,,170,51,"poly(3-hexylthiophene-2,5-diyl)",P3HT,29.0,19.3,1.5,,,,,,,,,,6212.0,chloroform,10.0,,,,,4.0,aging,,,,30.0,70.0,52,n-doped Si,SiO2,200.0,,,Au,,BGBC,20.0,10000.0,,12.0,HMDS,57,drop,,,,,,,,nitrogen,,35.0,10.0,100.0,,35.0,,,,,,,,0.0539,,,,,,,,saturation,nitrogen,,-50.0,,
381,344,53,literature,journal_article,10.1103/PhysRevB.74.115318,,,171,52,"poly(3-hexylthiophene-2,5-diyl)",P3HT,42.0,23.3,1.8,,,,,,,,,,6212.0,chloroform,10.0,,,,,4.0,aging,,,,30.0,70.0,52,n-doped Si,SiO2,200.0,,,Au,,BGBC,20.0,10000.0,,12.0,HMDS,57,drop,,,,,,,,nitrogen,,35.0,10.0,100.0,,35.0,,,,,,,,0.0612,,,,,,,,saturation,nitrogen,,-50.0,,
382,345,53,literature,journal_article,10.1103/PhysRevB.74.115318,,,172,53,"poly(3-hexylthiophene-2,5-diyl)",P3HT,52.0,22.6,2.3,,,,,,,,,,6212.0,chloroform,10.0,,,,,4.0,aging,,,,30.0,70.0,52,n-doped Si,SiO2,200.0,,,Au,,BGBC,20.0,10000.0,,12.0,HMDS,57,drop,,,,,,,,nitrogen,,35.0,10.0,100.0,,35.0,,,,,,,,0.0662,,,,,,,,saturation,nitrogen,,-50.0,,
383,346,53,literature,journal_article,10.1103/PhysRevB.74.115318,,,173,54,"poly(3-hexylthiophene-2,5-diyl)",P3HT,76.0,44.7,1.7,,,,,,,,,,6212.0,chloroform,10.0,,,,,4.0,aging,,,,30.0,70.0,52,n-doped Si,SiO2,200.0,,,Au,,BGBC,20.0,10000.0,,12.0,HMDS,57,drop,,,,,,,,nitrogen,,35.0,10.0,100.0,,35.0,,,,,,,,0.0652,,,,,,,,saturation,nitrogen,,-50.0,,
384,347,53,literature,journal_article,10.1103/PhysRevB.74.115318,,,174,55,"poly(3-hexylthiophene-2,5-diyl)",P3HT,270.0,117.4,2.3,,,,,,,,,,6212.0,chloroform,10.0,,,,,4.0,aging,,,,30.0,70.0,52,n-doped Si,SiO2,200.0,,,Au,,BGBC,20.0,10000.0,,12.0,HMDS,57,drop,,,,,,,,nitrogen,,35.0,10.0,100.0,,35.0,,,,,,,,0.0813,,,,,,,,saturation,nitrogen,,-50.0,,
385,348,53,literature,journal_article,10.1103/PhysRevB.74.115318,,,173,54,"poly(3-hexylthiophene-2,5-diyl)",P3HT,76.0,44.7,1.7,,,,,,,,,,6212.0,chloroform,10.0,,,,,4.0,aging,,,,30.0,70.0,53,n-doped Si,SiO2,200.0,,,Au,,BGBC,2.0,10000.0,,12.0,HMDS,53,spin,1500.0,,,,,,,nitrogen,,35.0,10.0,100.0,,35.0,,,,,,,,0.0145,,,,,,,,saturation,nitrogen,,-50.0,,
386,349,53,literature,journal_article,10.1103/PhysRevB.74.115318,,,173,54,"poly(3-hexylthiophene-2,5-diyl)",P3HT,76.0,44.7,1.7,,,,,,,,,,6212.0,chloroform,10.0,,,,,4.0,aging,,,,30.0,70.0,54,n-doped Si,SiO2,200.0,,,Au,,BGBC,5.0,10000.0,,12.0,HMDS,53,spin,1500.0,,,,,,,nitrogen,,35.0,10.0,100.0,,35.0,,,,,,,,0.00544,,,,,,,,saturation,nitrogen,,-50.0,,
387,350,53,literature,journal_article,10.1103/PhysRevB.74.115318,,,173,54,"poly(3-hexylthiophene-2,5-diyl)",P3HT,76.0,44.7,1.7,,,,,,,,,,6212.0,chloroform,10.0,,,,,4.0,aging,,,,30.0,70.0,55,n-doped Si,SiO2,200.0,,,Au,,BGBC,10.0,10000.0,,12.0,HMDS,53,spin,1500.0,,,,,,,nitrogen,,35.0,10.0,100.0,,35.0,,,,,,,,0.00363,,,,,,,,saturation,nitrogen,,-50.0,,
388,330,53,literature,journal_article,10.1103/PhysRevB.74.115318,,,173,54,"poly(3-hexylthiophene-2,5-diyl)",P3HT,76.0,44.7,1.7,,,,,,,,,,6212.0,chloroform,10.0,,,,,4.0,aging,,,,30.0,70.0,52,n-doped Si,SiO2,200.0,,,Au,,BGBC,20.0,10000.0,,12.0,HMDS,53,spin,1500.0,,,,,,,nitrogen,,35.0,10.0,100.0,,35.0,,,,,,,,0.00296,,,,,,,,saturation,nitrogen,,-50.0,,
389,351,53,literature,journal_article,10.1103/PhysRevB.74.115318,,,170,51,"poly(3-hexylthiophene-2,5-diyl)",P3HT,29.0,19.3,1.5,,,,,,,,,,6212.0,chloroform,10.0,,,,,4.0,aging,,,,30.0,70.0,53,n-doped Si,SiO2,200.0,,,Au,,BGBC,2.0,10000.0,,12.0,HMDS,53,spin,1500.0,,,,,,,nitrogen,,35.0,10.0,100.0,,35.0,,,,,,,,0.0229,,,,,,,,saturation,nitrogen,,-50.0,,
390,352,53,literature,journal_article,10.1103/PhysRevB.74.115318,,,170,51,"poly(3-hexylthiophene-2,5-diyl)",P3HT,29.0,19.3,1.5,,,,,,,,,,6212.0,chloroform,10.0,,,,,4.0,aging,,,,30.0,70.0,54,n-doped Si,SiO2,200.0,,,Au,,BGBC,5.0,10000.0,,12.0,HMDS,53,spin,1500.0,,,,,,,nitrogen,,35.0,10.0,100.0,,35.0,,,,,,,,0.0183,,,,,,,,saturation,nitrogen,,-50.0,,
391,353,53,literature,journal_article,10.1103/PhysRevB.74.115318,,,170,51,"poly(3-hexylthiophene-2,5-diyl)",P3HT,29.0,19.3,1.5,,,,,,,,,,6212.0,chloroform,10.0,,,,,4.0,aging,,,,30.0,70.0,55,n-doped Si,SiO2,200.0,,,Au,,BGBC,10.0,10000.0,,12.0,HMDS,53,spin,1500.0,,,,,,,nitrogen,,35.0,10.0,100.0,,35.0,,,,,,,,0.014,,,,,,,,saturation,nitrogen,,-50.0,,
392,327,53,literature,journal_article,10.1103/PhysRevB.74.115318,,,170,51,"poly(3-hexylthiophene-2,5-diyl)",P3HT,29.0,19.3,1.5,,,,,,,,,,6212.0,chloroform,10.0,,,,,4.0,aging,,,,30.0,70.0,52,n-doped Si,SiO2,200.0,,,Au,,BGBC,20.0,10000.0,,12.0,HMDS,53,spin,1500.0,,,,,,,nitrogen,,35.0,10.0,100.0,,35.0,,,,,,,,0.0119,,,,,,,,saturation,nitrogen,,-50.0,,
393,354,53,literature,journal_article,10.1103/PhysRevB.74.115318,,,167,48,"poly(3-hexylthiophene-2,5-diyl)",P3HT,15.4,10.3,1.5,,,,,,,,,,6212.0,chloroform,10.0,,,,,4.0,aging,,,,30.0,70.0,53,n-doped Si,SiO2,200.0,,,Au,,BGBC,2.0,10000.0,,12.0,HMDS,53,spin,1500.0,,,,,,,nitrogen,,35.0,10.0,100.0,,35.0,,,,,,,,0.0171,,,,,,,,saturation,nitrogen,,-50.0,,
394,355,53,literature,journal_article,10.1103/PhysRevB.74.115318,,,167,48,"poly(3-hexylthiophene-2,5-diyl)",P3HT,15.4,10.3,1.5,,,,,,,,,,6212.0,chloroform,10.0,,,,,4.0,aging,,,,30.0,70.0,54,n-doped Si,SiO2,200.0,,,Au,,BGBC,5.0,10000.0,,12.0,HMDS,53,spin,1500.0,,,,,,,nitrogen,,35.0,10.0,100.0,,35.0,,,,,,,,0.012,,,,,,,,saturation,nitrogen,,-50.0,,
395,356,53,literature,journal_article,10.1103/PhysRevB.74.115318,,,167,48,"poly(3-hexylthiophene-2,5-diyl)",P3HT,15.4,10.3,1.5,,,,,,,,,,6212.0,chloroform,10.0,,,,,4.0,aging,,,,30.0,70.0,55,n-doped Si,SiO2,200.0,,,Au,,BGBC,10.0,10000.0,,12.0,HMDS,53,spin,1500.0,,,,,,,nitrogen,,35.0,10.0,100.0,,35.0,,,,,,,,0.00993,,,,,,,,saturation,nitrogen,,-50.0,,
396,357,53,literature,journal_article,10.1103/PhysRevB.74.115318,,,167,48,"poly(3-hexylthiophene-2,5-diyl)",P3HT,15.4,10.3,1.5,,,,,,,,,,6212.0,chloroform,10.0,,,,,4.0,aging,,,,30.0,70.0,52,n-doped Si,SiO2,200.0,,,Au,,BGBC,20.0,10000.0,,12.0,HMDS,53,spin,1500.0,,,,,,,nitrogen,,35.0,10.0,100.0,,35.0,,,,,,,,0.00757,,,,,,,,saturation,nitrogen,,-50.0,,
397,358,53,literature,journal_article,10.1103/PhysRevB.74.115318,,,178,51,"poly(3-hexylthiophene-2,5-diyl)",P3HT,29.0,19.3,1.5,,,,,,,,,,13.0,"1,2,4-trichlorobenzene",10.0,,,,,4.0,aging,,,,30.0,70.0,53,n-doped Si,SiO2,200.0,,,Au,,BGBC,2.0,10000.0,,12.0,HMDS,53,spin,1500.0,,,,,,,nitrogen,,35.0,10.0,100.0,,35.0,,,,,,,,0.077,,,,,,,,saturation,nitrogen,,-50.0,,
398,359,53,literature,journal_article,10.1103/PhysRevB.74.115318,,,178,51,"poly(3-hexylthiophene-2,5-diyl)",P3HT,29.0,19.3,1.5,,,,,,,,,,13.0,"1,2,4-trichlorobenzene",10.0,,,,,4.0,aging,,,,30.0,70.0,54,n-doped Si,SiO2,200.0,,,Au,,BGBC,5.0,10000.0,,12.0,HMDS,53,spin,1500.0,,,,,,,nitrogen,,35.0,10.0,100.0,,35.0,,,,,,,,0.068,,,,,,,,saturation,nitrogen,,-50.0,,
399,360,53,literature,journal_article,10.1103/PhysRevB.74.115318,,,178,51,"poly(3-hexylthiophene-2,5-diyl)",P3HT,29.0,19.3,1.5,,,,,,,,,,13.0,"1,2,4-trichlorobenzene",10.0,,,,,4.0,aging,,,,30.0,70.0,55,n-doped Si,SiO2,200.0,,,Au,,BGBC,10.0,10000.0,,12.0,HMDS,53,spin,1500.0,,,,,,,nitrogen,,35.0,10.0,100.0,,35.0,,,,,,,,0.065,,,,,,,,saturation,nitrogen,,-50.0,,
400,335,53,literature,journal_article,10.1103/PhysRevB.74.115318,,,178,51,"poly(3-hexylthiophene-2,5-diyl)",P3HT,29.0,19.3,1.5,,,,,,,,,,13.0,"1,2,4-trichlorobenzene",10.0,,,,,4.0,aging,,,,30.0,70.0,52,n-doped Si,SiO2,200.0,,,Au,,BGBC,20.0,10000.0,,12.0,HMDS,53,spin,1500.0,,,,,,,nitrogen,,35.0,10.0,100.0,,35.0,,,,,,,,0.0631,,,,,,,,saturation,nitrogen,,-50.0,,
401,361,53,literature,journal_article,10.1103/PhysRevB.74.115318,,,175,48,"poly(3-hexylthiophene-2,5-diyl)",P3HT,15.4,10.3,1.5,,,,,,,,,,13.0,"1,2,4-trichlorobenzene",10.0,,,,,4.0,aging,,,,30.0,70.0,53,n-doped Si,SiO2,200.0,,,Au,,BGBC,2.0,10000.0,,12.0,HMDS,53,spin,1500.0,,,,,,,nitrogen,,35.0,10.0,100.0,,35.0,,,,,,,,0.00762,,,,,,,,saturation,nitrogen,,-50.0,,
402,362,53,literature,journal_article,10.1103/PhysRevB.74.115318,,,175,48,"poly(3-hexylthiophene-2,5-diyl)",P3HT,15.4,10.3,1.5,,,,,,,,,,13.0,"1,2,4-trichlorobenzene",10.0,,,,,4.0,aging,,,,30.0,70.0,54,n-doped Si,SiO2,200.0,,,Au,,BGBC,5.0,10000.0,,12.0,HMDS,53,spin,1500.0,,,,,,,nitrogen,,35.0,10.0,100.0,,35.0,,,,,,,,0.00381,,,,,,,,saturation,nitrogen,,-50.0,,
403,363,53,literature,journal_article,10.1103/PhysRevB.74.115318,,,175,48,"poly(3-hexylthiophene-2,5-diyl)",P3HT,15.4,10.3,1.5,,,,,,,,,,13.0,"1,2,4-trichlorobenzene",10.0,,,,,4.0,aging,,,,30.0,70.0,55,n-doped Si,SiO2,200.0,,,Au,,BGBC,10.0,10000.0,,12.0,HMDS,53,spin,1500.0,,,,,,,nitrogen,,35.0,10.0,100.0,,35.0,,,,,,,,0.00255,,,,,,,,saturation,nitrogen,,-50.0,,
404,332,53,literature,journal_article,10.1103/PhysRevB.74.115318,,,175,48,"poly(3-hexylthiophene-2,5-diyl)",P3HT,15.4,10.3,1.5,,,,,,,,,,13.0,"1,2,4-trichlorobenzene",10.0,,,,,4.0,aging,,,,30.0,70.0,52,n-doped Si,SiO2,200.0,,,Au,,BGBC,20.0,10000.0,,12.0,HMDS,53,spin,1500.0,,,,,,,nitrogen,,35.0,10.0,100.0,,35.0,,,,,,,,0.00168,,,,,,,,saturation,nitrogen,,-50.0,,
405,364,53,literature,journal_article,10.1103/PhysRevB.74.115318,,,181,54,"poly(3-hexylthiophene-2,5-diyl)",P3HT,76.0,44.7,1.7,,,,,,,,,,13.0,"1,2,4-trichlorobenzene",10.0,,,,,4.0,aging,,,,30.0,70.0,53,n-doped Si,SiO2,200.0,,,Au,,BGBC,2.0,10000.0,,12.0,HMDS,53,spin,1500.0,,,,,,,nitrogen,,35.0,10.0,100.0,,35.0,,,,,,,,0.1378,,,,,,,,saturation,nitrogen,,-50.0,,
406,365,53,literature,journal_article,10.1103/PhysRevB.74.115318,,,181,54,"poly(3-hexylthiophene-2,5-diyl)",P3HT,76.0,44.7,1.7,,,,,,,,,,13.0,"1,2,4-trichlorobenzene",10.0,,,,,4.0,aging,,,,30.0,70.0,54,n-doped Si,SiO2,200.0,,,Au,,BGBC,5.0,10000.0,,12.0,HMDS,53,spin,1500.0,,,,,,,nitrogen,,35.0,10.0,100.0,,35.0,,,,,,,,0.135,,,,,,,,saturation,nitrogen,,-50.0,,
407,366,53,literature,journal_article,10.1103/PhysRevB.74.115318,,,181,54,"poly(3-hexylthiophene-2,5-diyl)",P3HT,76.0,44.7,1.7,,,,,,,,,,13.0,"1,2,4-trichlorobenzene",10.0,,,,,4.0,aging,,,,30.0,70.0,55,n-doped Si,SiO2,200.0,,,Au,,BGBC,10.0,10000.0,,12.0,HMDS,53,spin,1500.0,,,,,,,nitrogen,,35.0,10.0,100.0,,35.0,,,,,,,,0.1253,,,,,,,,saturation,nitrogen,,-50.0,,
408,338,53,literature,journal_article,10.1103/PhysRevB.74.115318,,,181,54,"poly(3-hexylthiophene-2,5-diyl)",P3HT,76.0,44.7,1.7,,,,,,,,,,13.0,"1,2,4-trichlorobenzene",10.0,,,,,4.0,aging,,,,30.0,70.0,52,n-doped Si,SiO2,200.0,,,Au,,BGBC,20.0,10000.0,,12.0,HMDS,53,spin,1500.0,,,,,,,nitrogen,,35.0,10.0,100.0,,35.0,,,,,,,,0.12,,,,,,,,saturation,nitrogen,,-50.0,,
409,367,54,literature,journal_article,10.1021/nn401323f,,,183,56,"poly(3-hexylthiophene-2,5-diyl)",P3HT,91.481,40.3,2.27,92.0,,,,,,,,,6212.0,chloroform,5.0,,,,,,,,,,,,56,n-doped Si,SiO2,300.0,,,Au,,BGBC,50.0,2000.0,,,,2,spin,1500.0,60.0,,,,,,air,,,,,,,,,,,,,,0.00423,,,,,,,,saturation,nitrogen,,-80.0,,
410,368,54,literature,journal_article,10.1021/nn401323f,,,183,56,"poly(3-hexylthiophene-2,5-diyl)",P3HT,91.481,40.3,2.27,92.0,,,,,,,,,6212.0,chloroform,5.0,,,,,5.0,poor_solvent,180.0,acetone,0.005,,,56,n-doped Si,SiO2,300.0,,,Au,,BGBC,50.0,2000.0,,,,2,spin,1500.0,60.0,,,,,,air,,,,,,,,,,,,,,0.00793,,,,,,,,saturation,nitrogen,,-80.0,,
411,369,54,literature,journal_article,10.1021/nn401323f,,,183,56,"poly(3-hexylthiophene-2,5-diyl)",P3HT,91.481,40.3,2.27,92.0,,,,,,,,,6212.0,chloroform,5.0,,,,,6.0,poor_solvent,180.0,acetone,0.01,,,56,n-doped Si,SiO2,300.0,,,Au,,BGBC,50.0,2000.0,,,,2,spin,1500.0,60.0,,,,,,air,,,,,,,,,,,,,,0.0107,,,,,,,,saturation,nitrogen,,-80.0,,
412,370,54,literature,journal_article,10.1021/nn401323f,,,183,56,"poly(3-hexylthiophene-2,5-diyl)",P3HT,91.481,40.3,2.27,92.0,,,,,,,,,6212.0,chloroform,5.0,,,,,7.0,poor_solvent,180.0,acetone,0.02,,,56,n-doped Si,SiO2,300.0,,,Au,,BGBC,50.0,2000.0,,,,2,spin,1500.0,60.0,,,,,,air,,,,,,,,,,,,,,0.0165,,,,,,,,saturation,nitrogen,,-80.0,,
413,371,54,literature,journal_article,10.1021/nn401323f,,,183,56,"poly(3-hexylthiophene-2,5-diyl)",P3HT,91.481,40.3,2.27,92.0,,,,,,,,,6212.0,chloroform,5.0,,,,,8.0,poor_solvent,180.0,acetone,0.03,,,56,n-doped Si,SiO2,300.0,,,Au,,BGBC,50.0,2000.0,,,,2,spin,1500.0,60.0,,,,,,air,,,,,,,,,,,,,,0.0101,,,,,,,,saturation,nitrogen,,-80.0,,
414,372,54,literature,journal_article,10.1021/nn401323f,,,183,56,"poly(3-hexylthiophene-2,5-diyl)",P3HT,91.481,40.3,2.27,92.0,,,,,,,,,6212.0,chloroform,5.0,,,,,9.0,poor_solvent,180.0,acetone,0.05,,,56,n-doped Si,SiO2,300.0,,,Au,,BGBC,50.0,2000.0,,,,2,spin,1500.0,60.0,,,,,,air,,,,,,,,,,,,,,0.00892,,,,,,,,saturation,nitrogen,,-80.0,,
415,373,54,literature,journal_article,10.1021/nn401323f,,,183,56,"poly(3-hexylthiophene-2,5-diyl)",P3HT,91.481,40.3,2.27,92.0,,,,,,,,,6212.0,chloroform,5.0,,,,,10.0,poor_solvent,6589.0,"2,3-dimethylbutane",0.005,,,56,n-doped Si,SiO2,300.0,,,Au,,BGBC,50.0,2000.0,,,,2,spin,1500.0,60.0,,,,,,air,,,,,,,,,,,,,,0.0047,,,,,,,,saturation,nitrogen,,-80.0,,
416,374,54,literature,journal_article,10.1021/nn401323f,,,183,56,"poly(3-hexylthiophene-2,5-diyl)",P3HT,91.481,40.3,2.27,92.0,,,,,,,,,6212.0,chloroform,5.0,,,,,11.0,poor_solvent,6589.0,"2,3-dimethylbutane",0.01,,,56,n-doped Si,SiO2,300.0,,,Au,,BGBC,50.0,2000.0,,,,2,spin,1500.0,60.0,,,,,,air,,,,,,,,,,,,,,0.00406,,,,,,,,saturation,nitrogen,,-80.0,,
417,375,54,literature,journal_article,10.1021/nn401323f,,,183,56,"poly(3-hexylthiophene-2,5-diyl)",P3HT,91.481,40.3,2.27,92.0,,,,,,,,,6212.0,chloroform,5.0,,,,,12.0,poor_solvent,6589.0,"2,3-dimethylbutane",0.02,,,56,n-doped Si,SiO2,300.0,,,Au,,BGBC,50.0,2000.0,,,,2,spin,1500.0,60.0,,,,,,air,,,,,,,,,,,,,,0.00214,,,,,,,,saturation,nitrogen,,-80.0,,
418,376,54,literature,journal_article,10.1021/nn401323f,,,183,56,"poly(3-hexylthiophene-2,5-diyl)",P3HT,91.481,40.3,2.27,92.0,,,,,,,,,6212.0,chloroform,5.0,,,,,13.0,poor_solvent,6589.0,"2,3-dimethylbutane",0.03,,,56,n-doped Si,SiO2,300.0,,,Au,,BGBC,50.0,2000.0,,,,2,spin,1500.0,60.0,,,,,,air,,,,,,,,,,,,,,0.00228,,,,,,,,saturation,nitrogen,,-80.0,,
419,377,54,literature,journal_article,10.1021/nn401323f,,,183,56,"poly(3-hexylthiophene-2,5-diyl)",P3HT,91.481,40.3,2.27,92.0,,,,,,,,,6212.0,chloroform,5.0,,,,,14.0,poor_solvent,6589.0,"2,3-dimethylbutane",0.05,,,56,n-doped Si,SiO2,300.0,,,Au,,BGBC,50.0,2000.0,,,,2,spin,1500.0,60.0,,,,,,air,,,,,,,,,,,,,,0.00279,,,,,,,,saturation,nitrogen,,-80.0,,
420,378,54,literature,journal_article,10.1021/nn401323f,,,184,56,"poly(3-hexylthiophene-2,5-diyl)",P3HT,91.481,40.3,2.27,92.0,,,,,,,,,7964.0,chlorobenzene,5.0,,,,,,,,,,,,56,n-doped Si,SiO2,300.0,,,Au,,BGBC,50.0,2000.0,,,,2,spin,1500.0,60.0,,,,,,air,,,,,,,,,,,,,,0.000556,,,,,,,,saturation,nitrogen,,-80.0,,
421,379,54,literature,journal_article,10.1021/nn401323f,,,184,56,"poly(3-hexylthiophene-2,5-diyl)",P3HT,91.481,40.3,2.27,92.0,,,,,,,,,7964.0,chlorobenzene,5.0,,,,,5.0,poor_solvent,180.0,acetone,0.005,,,56,n-doped Si,SiO2,300.0,,,Au,,BGBC,50.0,2000.0,,,,2,spin,1500.0,60.0,,,,,,air,,,,,,,,,,,,,,0.000413,,,,,,,,saturation,nitrogen,,-80.0,,
422,380,54,literature,journal_article,10.1021/nn401323f,,,184,56,"poly(3-hexylthiophene-2,5-diyl)",P3HT,91.481,40.3,2.27,92.0,,,,,,,,,7964.0,chlorobenzene,5.0,,,,,6.0,poor_solvent,180.0,acetone,0.01,,,56,n-doped Si,SiO2,300.0,,,Au,,BGBC,50.0,2000.0,,,,2,spin,1500.0,60.0,,,,,,air,,,,,,,,,,,,,,0.000426,,,,,,,,saturation,nitrogen,,-80.0,,
423,381,54,literature,journal_article,10.1021/nn401323f,,,184,56,"poly(3-hexylthiophene-2,5-diyl)",P3HT,91.481,40.3,2.27,92.0,,,,,,,,,7964.0,chlorobenzene,5.0,,,,,7.0,poor_solvent,180.0,acetone,0.02,,,56,n-doped Si,SiO2,300.0,,,Au,,BGBC,50.0,2000.0,,,,2,spin,1500.0,60.0,,,,,,air,,,,,,,,,,,,,,0.000254,,,,,,,,saturation,nitrogen,,-80.0,,
424,382,54,literature,journal_article,10.1021/nn401323f,,,184,56,"poly(3-hexylthiophene-2,5-diyl)",P3HT,91.481,40.3,2.27,92.0,,,,,,,,,7964.0,chlorobenzene,5.0,,,,,8.0,poor_solvent,180.0,acetone,0.03,,,56,n-doped Si,SiO2,300.0,,,Au,,BGBC,50.0,2000.0,,,,2,spin,1500.0,60.0,,,,,,air,,,,,,,,,,,,,,0.000309,,,,,,,,saturation,nitrogen,,-80.0,,
425,383,54,literature,journal_article,10.1021/nn401323f,,,184,56,"poly(3-hexylthiophene-2,5-diyl)",P3HT,91.481,40.3,2.27,92.0,,,,,,,,,7964.0,chlorobenzene,5.0,,,,,9.0,poor_solvent,180.0,acetone,0.05,,,56,n-doped Si,SiO2,300.0,,,Au,,BGBC,50.0,2000.0,,,,2,spin,1500.0,60.0,,,,,,air,,,,,,,,,,,,,,0.000377,,,,,,,,saturation,nitrogen,,-80.0,,
426,384,55,literature,journal_article,10.1063/1.2400796,,,185,57,"poly(3-hexylthiophene-2,5-diyl)",P3HT,,39.5,,,,,,,,,,,6212.0,chloroform,1.0,,,,,,,,,,,,57,n-doped Si,SiO2,200.0,,,Pt,,BGBC,5.0,1000.0,,12.0,HMDS,58,dip,,,,60.0,,,,nitrogen,,36.0,0.166666667,25.0,,20.0,,,,,,,,0.2366,,,,,,,,saturation,nitrogen,,-60.0,,
427,385,55,literature,journal_article,10.1063/1.2400796,,,185,57,"poly(3-hexylthiophene-2,5-diyl)",P3HT,,39.5,,,,,,,,,,,6212.0,chloroform,1.0,,,,,,,,,,,,57,n-doped Si,SiO2,200.0,,,Pt,,BGBC,5.0,1000.0,,12.0,HMDS,59,dip,,,,60.0,,,,,,37.0,0.166666667,60.0,,20.0,,,,,,,,0.2429,,,,,,,,saturation,nitrogen,,-60.0,,
428,386,55,literature,journal_article,10.1063/1.2400796,,,185,57,"poly(3-hexylthiophene-2,5-diyl)",P3HT,,39.5,,,,,,,,,,,6212.0,chloroform,1.0,,,,,,,,,,,,57,n-doped Si,SiO2,200.0,,,Pt,,BGBC,5.0,1000.0,,12.0,HMDS,59,dip,,,,60.0,,,,,,38.0,0.166666667,90.0,,20.0,,,,,,,,0.2587,,,,,,,,saturation,nitrogen,,-60.0,,
429,387,55,literature,journal_article,10.1063/1.2400796,,,185,57,"poly(3-hexylthiophene-2,5-diyl)",P3HT,,39.5,,,,,,,,,,,6212.0,chloroform,1.0,,,,,,,,,,,,57,n-doped Si,SiO2,200.0,,,Pt,,BGBC,5.0,1000.0,,12.0,HMDS,59,dip,,,,60.0,,,,,,39.0,0.166666667,120.0,,20.0,,,,,,,,0.2644,,,,,,,,saturation,nitrogen,,-60.0,,
430,388,55,literature,journal_article,10.1063/1.2400796,,,185,57,"poly(3-hexylthiophene-2,5-diyl)",P3HT,,39.5,,,,,,,,,,,6212.0,chloroform,1.0,,,,,,,,,,,,57,n-doped Si,SiO2,200.0,,,Pt,,BGBC,5.0,1000.0,,12.0,HMDS,58,dip,,,,60.0,,,,nitrogen,,40.0,0.166666667,150.0,,20.0,,,,,,,,0.2825,,,,,,,,saturation,nitrogen,,-60.0,,
431,389,55,literature,journal_article,10.1063/1.2400796,,,185,57,"poly(3-hexylthiophene-2,5-diyl)",P3HT,,39.5,,,,,,,,,,,6212.0,chloroform,1.0,,,,,,,,,,,,57,n-doped Si,SiO2,200.0,,,Pt,,BGBC,5.0,1000.0,,12.0,HMDS,58,dip,,,,60.0,,,,nitrogen,,41.0,0.166666667,160.0,,20.0,,,,,,,,0.21,,,,,,,,saturation,nitrogen,,-60.0,,
432,390,55,literature,journal_article,10.1063/1.2400796,,,185,57,"poly(3-hexylthiophene-2,5-diyl)",P3HT,,39.5,,,,,,,,,,,6212.0,chloroform,1.0,,,,,,,,,,,,57,n-doped Si,SiO2,200.0,,,Pt,,BGBC,5.0,1000.0,,12.0,HMDS,58,dip,,,,60.0,,,,nitrogen,,42.0,0.166666667,170.0,,20.0,,,,,,,,0.1651,,,,,,,,saturation,nitrogen,,-60.0,,
433,391,55,literature,journal_article,10.1063/1.2400796,,,185,57,"poly(3-hexylthiophene-2,5-diyl)",P3HT,,39.5,,,,,,,,,,,6212.0,chloroform,1.0,,,,,,,,,,,,58,n-doped Si,SiO2,200.0,,,Au,,BGBC,5.0,1000.0,,12.0,HMDS,58,dip,,,,60.0,,,,nitrogen,,36.0,0.166666667,25.0,,20.0,,,,,,,,0.1504,,,,,,,,saturation,nitrogen,,-60.0,,
434,392,55,literature,journal_article,10.1063/1.2400796,,,185,57,"poly(3-hexylthiophene-2,5-diyl)",P3HT,,39.5,,,,,,,,,,,6212.0,chloroform,1.0,,,,,,,,,,,,58,n-doped Si,SiO2,200.0,,,Au,,BGBC,5.0,1000.0,,12.0,HMDS,58,dip,,,,60.0,,,,nitrogen,,37.0,0.166666667,60.0,,20.0,,,,,,,,0.1602,,,,,,,,saturation,nitrogen,,-60.0,,
435,393,55,literature,journal_article,10.1063/1.2400796,,,185,57,"poly(3-hexylthiophene-2,5-diyl)",P3HT,,39.5,,,,,,,,,,,6212.0,chloroform,1.0,,,,,,,,,,,,58,n-doped Si,SiO2,200.0,,,Au,,BGBC,5.0,1000.0,,12.0,HMDS,58,dip,,,,60.0,,,,nitrogen,,38.0,0.166666667,90.0,,20.0,,,,,,,,0.1813,,,,,,,,saturation,nitrogen,,-60.0,,
436,394,55,literature,journal_article,10.1063/1.2400796,,,185,57,"poly(3-hexylthiophene-2,5-diyl)",P3HT,,39.5,,,,,,,,,,,6212.0,chloroform,1.0,,,,,,,,,,,,58,n-doped Si,SiO2,200.0,,,Au,,BGBC,5.0,1000.0,,12.0,HMDS,58,dip,,,,60.0,,,,nitrogen,,39.0,0.166666667,120.0,,20.0,,,,,,,,0.2193,,,,,,,,saturation,nitrogen,,-60.0,,
437,395,55,literature,journal_article,10.1063/1.2400796,,,185,57,"poly(3-hexylthiophene-2,5-diyl)",P3HT,,39.5,,,,,,,,,,,6212.0,chloroform,1.0,,,,,,,,,,,,58,n-doped Si,SiO2,200.0,,,Au,,BGBC,5.0,1000.0,,12.0,HMDS,58,dip,,,,60.0,,,,nitrogen,,40.0,0.166666667,150.0,,20.0,,,,,,,,0.2438,,,,,,,,saturation,nitrogen,,-60.0,,
438,396,55,literature,journal_article,10.1063/1.2400796,,,185,57,"poly(3-hexylthiophene-2,5-diyl)",P3HT,,39.5,,,,,,,,,,,6212.0,chloroform,1.0,,,,,,,,,,,,58,n-doped Si,SiO2,200.0,,,Au,,BGBC,5.0,1000.0,,12.0,HMDS,58,dip,,,,60.0,,,,nitrogen,,41.0,0.166666667,160.0,,20.0,,,,,,,,0.1188,,,,,,,,saturation,nitrogen,,-60.0,,
439,397,55,literature,journal_article,10.1063/1.2400796,,,185,57,"poly(3-hexylthiophene-2,5-diyl)",P3HT,,39.5,,,,,,,,,,,6212.0,chloroform,1.0,,,,,,,,,,,,58,n-doped Si,SiO2,200.0,,,Au,,BGBC,5.0,1000.0,,12.0,HMDS,58,dip,,,,60.0,,,,nitrogen,,42.0,0.166666667,170.0,,20.0,,,,,,,,0.0385,,,,,,,,saturation,nitrogen,,-60.0,,
440,398,55,literature,journal_article,10.1063/1.2400796,,,185,57,"poly(3-hexylthiophene-2,5-diyl)",P3HT,,39.5,,,,,,,,,,,6212.0,chloroform,1.0,,,,,,,,,,,,57,n-doped Si,SiO2,200.0,,,Pt,,BGBC,5.0,1000.0,,12.0,HMDS,58,dip,,,,60.0,,,,nitrogen,,43.0,0.0,150.0,,20.0,,,,,,,,0.2364,,,,,,,,saturation,nitrogen,,-60.0,,
441,399,55,literature,journal_article,10.1063/1.2400796,,,185,57,"poly(3-hexylthiophene-2,5-diyl)",P3HT,,39.5,,,,,,,,,,,6212.0,chloroform,1.0,,,,,,,,,,,,57,n-doped Si,SiO2,200.0,,,Pt,,BGBC,5.0,1000.0,,12.0,HMDS,58,dip,,,,60.0,,,,nitrogen,,44.0,0.083333333,150.0,,20.0,,,,,,,,0.2626,,,,,,,,saturation,nitrogen,,-60.0,,
442,388,55,literature,journal_article,10.1063/1.2400796,,,185,57,"poly(3-hexylthiophene-2,5-diyl)",P3HT,,39.5,,,,,,,,,,,6212.0,chloroform,1.0,,,,,,,,,,,,57,n-doped Si,SiO2,200.0,,,Pt,,BGBC,5.0,1000.0,,12.0,HMDS,58,dip,,,,60.0,,,,nitrogen,,40.0,0.166666667,150.0,,20.0,,,,,,,,0.2826,,,,,,,,saturation,nitrogen,,-60.0,,
443,400,55,literature,journal_article,10.1063/1.2400796,,,185,57,"poly(3-hexylthiophene-2,5-diyl)",P3HT,,39.5,,,,,,,,,,,6212.0,chloroform,1.0,,,,,,,,,,,,57,n-doped Si,SiO2,200.0,,,Pt,,BGBC,5.0,1000.0,,12.0,HMDS,58,dip,,,,60.0,,,,nitrogen,,45.0,0.25,150.0,,20.0,,,,,,,,0.2753,,,,,,,,saturation,nitrogen,,-60.0,,
444,401,55,literature,journal_article,10.1063/1.2400796,,,185,57,"poly(3-hexylthiophene-2,5-diyl)",P3HT,,39.5,,,,,,,,,,,6212.0,chloroform,1.0,,,,,,,,,,,,57,n-doped Si,SiO2,200.0,,,Pt,,BGBC,5.0,1000.0,,12.0,HMDS,58,dip,,,,60.0,,,,nitrogen,,46.0,0.333333333,150.0,,20.0,,,,,,,,0.2717,,,,,,,,saturation,nitrogen,,-60.0,,
445,402,55,literature,journal_article,10.1063/1.2400796,,,185,57,"poly(3-hexylthiophene-2,5-diyl)",P3HT,,39.5,,,,,,,,,,,6212.0,chloroform,1.0,,,,,,,,,,,,57,n-doped Si,SiO2,200.0,,,Pt,,BGBC,5.0,1000.0,,12.0,HMDS,58,dip,,,,60.0,,,,nitrogen,,47.0,0.416666667,150.0,,20.0,,,,,,,,0.2341,,,,,,,,saturation,nitrogen,,-60.0,,
446,403,55,literature,journal_article,10.1063/1.2400796,,,185,57,"poly(3-hexylthiophene-2,5-diyl)",P3HT,,39.5,,,,,,,,,,,6212.0,chloroform,1.0,,,,,,,,,,,,57,n-doped Si,SiO2,200.0,,,Pt,,BGBC,5.0,1000.0,,12.0,HMDS,58,dip,,,,60.0,,,,nitrogen,,48.0,0.5,150.0,,20.0,,,,,,,,0.1697,,,,,,,,saturation,nitrogen,,-60.0,,
447,404,55,literature,journal_article,10.1063/1.2400796,,,185,57,"poly(3-hexylthiophene-2,5-diyl)",P3HT,,39.5,,,,,,,,,,,6212.0,chloroform,1.0,,,,,,,,,,,,58,n-doped Si,SiO2,200.0,,,Au,,BGBC,5.0,1000.0,,12.0,HMDS,58,dip,,,,60.0,,,,nitrogen,,43.0,0.0,150.0,,20.0,,,,,,,,0.1509,,,,,,,,saturation,nitrogen,,-60.0,,
448,405,55,literature,journal_article,10.1063/1.2400796,,,185,57,"poly(3-hexylthiophene-2,5-diyl)",P3HT,,39.5,,,,,,,,,,,6212.0,chloroform,1.0,,,,,,,,,,,,58,n-doped Si,SiO2,200.0,,,Au,,BGBC,5.0,1000.0,,12.0,HMDS,58,dip,,,,60.0,,,,nitrogen,,44.0,0.083333333,150.0,,20.0,,,,,,,,0.1773,,,,,,,,saturation,nitrogen,,-60.0,,
449,395,55,literature,journal_article,10.1063/1.2400796,,,185,57,"poly(3-hexylthiophene-2,5-diyl)",P3HT,,39.5,,,,,,,,,,,6212.0,chloroform,1.0,,,,,,,,,,,,58,n-doped Si,SiO2,200.0,,,Au,,BGBC,5.0,1000.0,,12.0,HMDS,58,dip,,,,60.0,,,,nitrogen,,40.0,0.166666667,150.0,,20.0,,,,,,,,0.2454,,,,,,,,saturation,nitrogen,,-60.0,,
450,406,55,literature,journal_article,10.1063/1.2400796,,,185,57,"poly(3-hexylthiophene-2,5-diyl)",P3HT,,39.5,,,,,,,,,,,6212.0,chloroform,1.0,,,,,,,,,,,,58,n-doped Si,SiO2,200.0,,,Au,,BGBC,5.0,1000.0,,12.0,HMDS,58,dip,,,,60.0,,,,nitrogen,,45.0,0.25,150.0,,20.0,,,,,,,,0.242,,,,,,,,saturation,nitrogen,,-60.0,,
451,407,55,literature,journal_article,10.1063/1.2400796,,,185,57,"poly(3-hexylthiophene-2,5-diyl)",P3HT,,39.5,,,,,,,,,,,6212.0,chloroform,1.0,,,,,,,,,,,,58,n-doped Si,SiO2,200.0,,,Au,,BGBC,5.0,1000.0,,12.0,HMDS,58,dip,,,,60.0,,,,nitrogen,,46.0,0.333333333,150.0,,20.0,,,,,,,,0.2053,,,,,,,,saturation,nitrogen,,-60.0,,
452,408,55,literature,journal_article,10.1063/1.2400796,,,185,57,"poly(3-hexylthiophene-2,5-diyl)",P3HT,,39.5,,,,,,,,,,,6212.0,chloroform,1.0,,,,,,,,,,,,58,n-doped Si,SiO2,200.0,,,Au,,BGBC,5.0,1000.0,,12.0,HMDS,58,dip,,,,60.0,,,,nitrogen,,47.0,0.416666667,150.0,,20.0,,,,,,,,0.1757,,,,,,,,saturation,nitrogen,,-60.0,,
453,409,55,literature,journal_article,10.1063/1.2400796,,,185,57,"poly(3-hexylthiophene-2,5-diyl)",P3HT,,39.5,,,,,,,,,,,6212.0,chloroform,1.0,,,,,,,,,,,,58,n-doped Si,SiO2,200.0,,,Au,,BGBC,5.0,1000.0,,12.0,HMDS,58,dip,,,,60.0,,,,nitrogen,,48.0,0.5,150.0,,20.0,,,,,,,,0.119,,,,,,,,saturation,nitrogen,,-60.0,,
454,410,56,literature,journal_article,10.1002/adfm.201403708,,,186,58,"poly(3-hexylthiophene-2,5-diyl)",P3HT,207.0,90.0,2.3,96.0,,,,,,,,,6212.0,chloroform,5.0,,,,,,,,,,,,56,n-doped Si,SiO2,300.0,,,Au,,BGBC,50.0,2000.0,,,,2,spin,1500.0,60.0,,,,,,air,,,,,,,,,,,,,,0.03522,,,,,,,,linear,nitrogen,,-3.0,,
455,411,56,literature,journal_article,10.1002/adfm.201403708,,,186,58,"poly(3-hexylthiophene-2,5-diyl)",P3HT,207.0,90.0,2.3,96.0,,,,,,,,,6212.0,chloroform,5.0,,,,,15.0,poor_solvent,7892.0,2-methylpentane,0.05,,,56,n-doped Si,SiO2,300.0,,,Au,,BGBC,50.0,2000.0,,,,2,spin,1500.0,60.0,,,,,,air,,,,,,,,,,,,,,0.05182,,,,,,,,linear,nitrogen,,-3.0,,
456,412,56,literature,journal_article,10.1002/adfm.201403708,,,186,58,"poly(3-hexylthiophene-2,5-diyl)",P3HT,207.0,90.0,2.3,96.0,,,,,,,,,6212.0,chloroform,5.0,,,,,16.0,poor_solvent,7892.0,2-methylpentane,0.1,,,56,n-doped Si,SiO2,300.0,,,Au,,BGBC,50.0,2000.0,,,,2,spin,1500.0,60.0,,,,,,air,,,,,,,,,,,,,,0.05468,,,,,,,,linear,nitrogen,,-3.0,,
457,413,56,literature,journal_article,10.1002/adfm.201403708,,,186,58,"poly(3-hexylthiophene-2,5-diyl)",P3HT,207.0,90.0,2.3,96.0,,,,,,,,,6212.0,chloroform,5.0,,,,,17.0,poor_solvent,7892.0,2-methylpentane,0.15,,,56,n-doped Si,SiO2,300.0,,,Au,,BGBC,50.0,2000.0,,,,2,spin,1500.0,60.0,,,,,,air,,,,,,,,,,,,,,0.10343,,,,,,,,linear,nitrogen,,-3.0,,
458,414,56,literature,journal_article,10.1002/adfm.201403708,,,186,58,"poly(3-hexylthiophene-2,5-diyl)",P3HT,207.0,90.0,2.3,96.0,,,,,,,,,6212.0,chloroform,5.0,,,,,18.0,poor_solvent,7892.0,2-methylpentane,0.2,,,56,n-doped Si,SiO2,300.0,,,Au,,BGBC,50.0,2000.0,,,,2,spin,1500.0,60.0,,,,,,air,,,,,,,,,,,,,,0.0539,,,,,,,,linear,nitrogen,,-3.0,,
459,415,56,literature,journal_article,10.1002/adfm.201403708,,,186,58,"poly(3-hexylthiophene-2,5-diyl)",P3HT,207.0,90.0,2.3,96.0,,,,,,,,,6212.0,chloroform,5.0,,,,,19.0,poor_solvent,7892.0,2-methylpentane,0.3,,,56,n-doped Si,SiO2,300.0,,,Au,,BGBC,50.0,2000.0,,,,2,spin,1500.0,60.0,,,,,,air,,,,,,,,,,,,,,0.02093,,,,,,,,linear,nitrogen,,-3.0,,
460,416,56,literature,journal_article,10.1002/adfm.201403708,,,186,58,"poly(3-hexylthiophene-2,5-diyl)",P3HT,207.0,90.0,2.3,96.0,,,,,,,,,6212.0,chloroform,5.0,,,,,20.0,poor_solvent,7892.0,2-methylpentane,0.4,,,56,n-doped Si,SiO2,300.0,,,Au,,BGBC,50.0,2000.0,,,,2,spin,1500.0,60.0,,,,,,air,,,,,,,,,,,,,,0.01123,,,,,,,,linear,nitrogen,,-3.0,,
461,417,57,literature,journal_article,10.1007/s11801-011-0122-z,,,187,59,"poly(3-hexylthiophene-2,5-diyl)",P3HT,,68.0,,98.5,,,,,,,,,6212.0,chloroform,0.5,,,,,21.0,aging,,,,12.0,,59,n-doped Si,SiO2,300.0,,,Au,,BGTC,50.0,5000.0,,,,60,spin,800.0,26.0,,,,,,,,49.0,12.0,100.0,,10.0,,,,,,,,6.3e-05,,,,,,,,saturation,,,-60.0,,
462,418,57,literature,journal_article,10.1007/s11801-011-0122-z,,,188,59,"poly(3-hexylthiophene-2,5-diyl)",P3HT,,68.0,,98.5,,,,,,,,,6212.0,chloroform,1.0,,,,,21.0,aging,,,,12.0,,59,n-doped Si,SiO2,300.0,,,Au,,BGTC,50.0,5000.0,,,,60,spin,800.0,26.0,,,,,,,,49.0,12.0,100.0,,10.0,,,,,,,,0.00016,,,,,,,,saturation,,,-60.0,,
463,419,57,literature,journal_article,10.1007/s11801-011-0122-z,,,189,59,"poly(3-hexylthiophene-2,5-diyl)",P3HT,,68.0,,98.5,,,,,,,,,6212.0,chloroform,2.0,,,,,21.0,aging,,,,12.0,,59,n-doped Si,SiO2,300.0,,,Au,,BGTC,50.0,5000.0,,,,60,spin,800.0,26.0,,,,,,,,49.0,12.0,100.0,,10.0,,,,,,,,0.014,,,,,,,,saturation,,,-60.0,,
464,420,57,literature,journal_article,10.1007/s11801-011-0122-z,,,190,59,"poly(3-hexylthiophene-2,5-diyl)",P3HT,,68.0,,98.5,,,,,,,,,6212.0,chloroform,4.0,,,,,21.0,aging,,,,12.0,,59,n-doped Si,SiO2,300.0,,,Au,,BGTC,50.0,5000.0,,,,60,spin,800.0,26.0,,,,,,,,49.0,12.0,100.0,,10.0,,,,,,,,0.00056,,,,,,,,saturation,,,-60.0,,
465,421,57,literature,journal_article,10.1007/s11801-011-0122-z,,,191,59,"poly(3-hexylthiophene-2,5-diyl)",P3HT,,68.0,,98.5,,,,,,,,,6212.0,chloroform,8.0,,,,,21.0,aging,,,,12.0,,59,n-doped Si,SiO2,300.0,,,Au,,BGTC,50.0,5000.0,,,,60,spin,800.0,26.0,,,,,,,,49.0,12.0,100.0,,10.0,,,,,,,,0.00018,,,,,,,,saturation,,,-60.0,,
466,422,58,literature,journal_article,10.1002/adma.200305275,,,192,60,"poly(3-hexylthiophene-2,5-diyl)",P3HT,4.4,4.0,1.1,98.0,,,,,,,,,6212.0,chloroform,5.0,,,,,,,,,,,,60,n-doped Si,SiO2,230.0,,,Au,,BGBC,5.0,40000.0,,12.0,HMDS,61,spin,2500.0,,,,,,,nitrogen,,,,,,45.0,,,,,,,,5.43e-06,,,,,,,,saturation,nitrogen,,-95.0,,
467,423,58,literature,journal_article,10.1002/adma.200305275,,,193,61,"poly(3-hexylthiophene-2,5-diyl)",P3HT,10.8,9.0,1.2,98.0,,,,,,,,,6212.0,chloroform,5.0,,,,,,,,,,,,60,n-doped Si,SiO2,230.0,,,Au,,BGBC,5.0,40000.0,,12.0,HMDS,61,spin,2500.0,,,,,,,nitrogen,,,,,,45.0,,,,,,,,0.0003558,,,,,,,,saturation,nitrogen,,-95.0,,
468,424,58,literature,journal_article,10.1002/adma.200305275,,,194,62,"poly(3-hexylthiophene-2,5-diyl)",P3HT,13.92,11.6,1.2,98.0,,,,,,,,,6212.0,chloroform,5.0,,,,,,,,,,,,60,n-doped Si,SiO2,230.0,,,Au,,BGBC,5.0,40000.0,,12.0,HMDS,61,spin,2500.0,,,,,,,nitrogen,,,,,,45.0,,,,,,,,0.000735,,,,,,,,saturation,nitrogen,,-95.0,,
469,425,58,literature,journal_article,10.1002/adma.200305275,,,195,63,"poly(3-hexylthiophene-2,5-diyl)",P3HT,50.7,33.8,1.5,98.0,,,,,,,,,6212.0,chloroform,5.0,,,,,,,,,,,,60,n-doped Si,SiO2,230.0,,,Au,,BGBC,5.0,40000.0,,12.0,HMDS,61,spin,2500.0,,,,,,,nitrogen,,,,,,45.0,,,,,,,,0.00748,,,,,,,,saturation,nitrogen,,-95.0,,
470,426,58,literature,journal_article,10.1002/adma.200305275,,,196,64,"poly(3-hexylthiophene-2,5-diyl)",P3HT,5.98,4.6,1.3,98.0,,,,,,,,,6212.0,chloroform,5.0,,,,,,,,,,,,60,n-doped Si,SiO2,230.0,,,Au,,BGBC,5.0,40000.0,,12.0,HMDS,61,spin,2500.0,,,,,,,nitrogen,,,,,,45.0,,,,,,,,1.61e-05,,,,,,,,saturation,nitrogen,,-95.0,,
471,427,58,literature,journal_article,10.1002/adma.200305275,,,197,65,"poly(3-hexylthiophene-2,5-diyl)",P3HT,24.12,13.4,1.8,98.0,,,,,,,,,6212.0,chloroform,5.0,,,,,,,,,,,,60,n-doped Si,SiO2,230.0,,,Au,,BGBC,5.0,40000.0,,12.0,HMDS,61,spin,2500.0,,,,,,,nitrogen,,,,,,45.0,,,,,,,,0.0005366,,,,,,,,saturation,nitrogen,,-95.0,,
472,428,58,literature,journal_article,10.1002/adma.200305275,,,198,66,"poly(3-hexylthiophene-2,5-diyl)",P3HT,56.62,29.8,1.9,98.0,,,,,,,,,6212.0,chloroform,5.0,,,,,,,,,,,,60,n-doped Si,SiO2,230.0,,,Au,,BGBC,5.0,40000.0,,12.0,HMDS,61,spin,2500.0,,,,,,,nitrogen,,,,,,45.0,,,,,,,,0.00419,,,,,,,,saturation,nitrogen,,-95.0,,
473,429,58,literature,journal_article,10.1002/adma.200305275,,,199,67,"poly(3-hexylthiophene-2,5-diyl)",P3HT,62.05,36.5,1.7,98.0,,,,,,,,,6212.0,chloroform,5.0,,,,,,,,,,,,60,n-doped Si,SiO2,230.0,,,Au,,BGBC,5.0,40000.0,,12.0,HMDS,61,spin,2500.0,,,,,,,nitrogen,,,,,,45.0,,,,,,,,0.00908,,,,,,,,saturation,nitrogen,,-95.0,,
474,430,58,literature,journal_article,10.1002/adma.200305275,,,200,68,"poly(3-hexylthiophene-2,5-diyl)",P3HT,4.48,3.2,1.4,98.0,,,,,,,,,6212.0,chloroform,5.0,,,,,,,,,,,,60,n-doped Si,SiO2,230.0,,,Au,,BGBC,5.0,40000.0,,12.0,HMDS,61,spin,2500.0,,,,,,,nitrogen,,,,,,45.0,,,,,,,,1.74e-06,,,,,,,,saturation,nitrogen,,-95.0,,
475,431,58,literature,journal_article,10.1002/adma.200305275,,,201,69,"poly(3-hexylthiophene-2,5-diyl)",P3HT,19.44,16.2,1.2,98.0,,,,,,,,,6212.0,chloroform,5.0,,,,,,,,,,,,60,n-doped Si,SiO2,230.0,,,Au,,BGBC,5.0,40000.0,,12.0,HMDS,61,spin,2500.0,,,,,,,nitrogen,,,,,,45.0,,,,,,,,0.00785,,,,,,,,saturation,nitrogen,,-95.0,,
476,432,58,literature,journal_article,10.1002/adma.200305275,,,202,70,"poly(3-hexylthiophene-2,5-diyl)",P3HT,43.54,31.1,1.4,98.0,,,,,,,,,6212.0,chloroform,5.0,,,,,,,,,,,,60,n-doped Si,SiO2,230.0,,,Au,,BGBC,5.0,40000.0,,12.0,HMDS,61,spin,2500.0,,,,,,,nitrogen,,,,,,45.0,,,,,,,,0.00767,,,,,,,,saturation,nitrogen,,-95.0,,
477,433,59,literature,journal_article,10.1021/ma047415f,,,203,71,"poly(3-hexylthiophene-2,5-diyl)",P3HT,,3.2,,98.0,,,,,,,,,6212.0,chloroform,3.5,,,,,22.0,aging,,,,30.0,60.0,61,n-doped Si,SiO2,230.0,,,Au,,BGBC,,0.0,,12.0,HMDS,62,spin,2000.0,,,,,,,nitrogen,,50.0,1.0,125.0,,35.0,,,,,,,,0.0001921,,,,,,,,saturation,nitrogen,,,,
478,434,59,literature,journal_article,10.1021/ma047415f,,,204,72,"poly(3-hexylthiophene-2,5-diyl)",P3HT,,9.0,,98.0,,,,,,,,,6212.0,chloroform,3.5,,,,,22.0,aging,,,,30.0,60.0,61,n-doped Si,SiO2,230.0,,,Au,,BGBC,,0.0,,12.0,HMDS,62,spin,2000.0,,,,,,,nitrogen,,50.0,1.0,125.0,,35.0,,,,,,,,0.000516,,,,,,,,saturation,nitrogen,,,,
479,435,59,literature,journal_article,10.1021/ma047415f,,,205,73,"poly(3-hexylthiophene-2,5-diyl)",P3HT,,31.1,,98.0,,,,,,,,,6212.0,chloroform,3.5,,,,,22.0,aging,,,,30.0,60.0,61,n-doped Si,SiO2,230.0,,,Au,,BGBC,,0.0,,12.0,HMDS,62,spin,2000.0,,,,,,,nitrogen,,50.0,1.0,125.0,,35.0,,,,,,,,0.00615,,,,,,,,saturation,nitrogen,,,,
480,436,59,literature,journal_article,10.1021/ma047415f,,,203,71,"poly(3-hexylthiophene-2,5-diyl)",P3HT,,3.2,,98.0,,,,,,,,,6212.0,chloroform,3.5,,,,,22.0,aging,,,,30.0,60.0,61,n-doped Si,SiO2,230.0,,,Au,,BGBC,,0.0,,12.0,HMDS,62,spin,2000.0,,,,,,,nitrogen,,,,,,35.0,,,,,,,,1.69e-06,,,,,,,,saturation,nitrogen,,,,
481,437,59,literature,journal_article,10.1021/ma047415f,,,204,72,"poly(3-hexylthiophene-2,5-diyl)",P3HT,,9.0,,98.0,,,,,,,,,6212.0,chloroform,3.5,,,,,22.0,aging,,,,30.0,60.0,61,n-doped Si,SiO2,230.0,,,Au,,BGBC,,0.0,,12.0,HMDS,62,spin,2000.0,,,,,,,nitrogen,,,,,,35.0,,,,,,,,0.00067,,,,,,,,saturation,nitrogen,,,,
482,438,59,literature,journal_article,10.1021/ma047415f,,,205,73,"poly(3-hexylthiophene-2,5-diyl)",P3HT,,31.1,,98.0,,,,,,,,,6212.0,chloroform,3.5,,,,,22.0,aging,,,,30.0,60.0,61,n-doped Si,SiO2,230.0,,,Au,,BGBC,,0.0,,12.0,HMDS,62,spin,2000.0,,,,,,,nitrogen,,,,,,35.0,,,,,,,,0.00783,,,,,,,,saturation,nitrogen,,,,
483,439,59,literature,journal_article,10.1021/ma047415f,,,206,71,"poly(3-hexylthiophene-2,5-diyl)",P3HT,,3.2,,98.0,,,,,,,,,7809.0,"1,4-xylene",3.5,,,,,22.0,aging,,,,30.0,60.0,61,n-doped Si,SiO2,230.0,,,Au,,BGBC,,0.0,,12.0,HMDS,62,spin,2000.0,,,,,,,nitrogen,,,,,,35.0,,,,,,,,7.01e-05,,,,,,,,saturation,nitrogen,,,,
484,440,59,literature,journal_article,10.1021/ma047415f,,,207,72,"poly(3-hexylthiophene-2,5-diyl)",P3HT,,9.0,,98.0,,,,,,,,,7809.0,"1,4-xylene",3.5,,,,,22.0,aging,,,,30.0,60.0,61,n-doped Si,SiO2,230.0,,,Au,,BGBC,,0.0,,12.0,HMDS,62,spin,2000.0,,,,,,,nitrogen,,,,,,35.0,,,,,,,,0.0009827,,,,,,,,saturation,nitrogen,,,,
485,441,59,literature,journal_article,10.1021/ma047415f,,,208,73,"poly(3-hexylthiophene-2,5-diyl)",P3HT,,31.1,,98.0,,,,,,,,,7809.0,"1,4-xylene",3.5,,,,,22.0,aging,,,,30.0,60.0,61,n-doped Si,SiO2,230.0,,,Au,,BGBC,,0.0,,12.0,HMDS,62,spin,2000.0,,,,,,,nitrogen,,,,,,35.0,,,,,,,,0.0284,,,,,,,,saturation,nitrogen,,,,
486,442,59,literature,journal_article,10.1021/ma047415f,,,209,71,"poly(3-hexylthiophene-2,5-diyl)",P3HT,,3.2,,98.0,,,,,,,,,6212.0,chloroform,0.5,,,,,22.0,aging,,,,30.0,60.0,61,n-doped Si,SiO2,230.0,,,Au,,BGBC,,0.0,,12.0,HMDS,57,drop,,,,,,,,nitrogen,,,,,,35.0,,,,,,,,5.08e-05,,,,,,,,saturation,nitrogen,,,,
487,443,59,literature,journal_article,10.1021/ma047415f,,,210,72,"poly(3-hexylthiophene-2,5-diyl)",P3HT,,9.0,,98.0,,,,,,,,,6212.0,chloroform,0.5,,,,,22.0,aging,,,,30.0,60.0,61,n-doped Si,SiO2,230.0,,,Au,,BGBC,,0.0,,12.0,HMDS,57,drop,,,,,,,,nitrogen,,,,,,35.0,,,,,,,,0.00357,,,,,,,,saturation,nitrogen,,,,
488,444,59,literature,journal_article,10.1021/ma047415f,,,211,73,"poly(3-hexylthiophene-2,5-diyl)",P3HT,,31.1,,98.0,,,,,,,,,6212.0,chloroform,0.5,,,,,22.0,aging,,,,30.0,60.0,61,n-doped Si,SiO2,230.0,,,Au,,BGBC,,0.0,,12.0,HMDS,57,drop,,,,,,,,nitrogen,,,,,,35.0,,,,,,,,0.00615,,,,,,,,saturation,nitrogen,,,,
489,445,60,literature,journal_article,10.1021/ma2000515,,,212,74,"poly(3-hexylthiophene-2,5-diyl)",P3HT,48.96,24.0,2.04,98.0,,,,,,,,,7809.0,"1,4-xylene",2.0,,,,,21.0,aging,,,,12.0,,62,n-doped Si,SiO2,200.0,,,Au,,BGBC,20.0,800.0,,3.0,OTS-8,57,drop,,,,,,,,nitrogen,,,,,,,,,,,,,,0.0239,,,,,,,,saturation,nitrogen,,-80.0,,
490,446,60,literature,journal_article,10.1021/ma2000515,,,213,74,"poly(3-hexylthiophene-2,5-diyl)",P3HT,48.96,24.0,2.04,98.0,,,,,,,,,1140.0,toluene,2.0,,,,,23.0,aging,,,,24.0,,62,n-doped Si,SiO2,200.0,,,Au,,BGBC,20.0,800.0,,3.0,OTS-8,57,drop,,,,,,,,nitrogen,,,,,,,,,,,,,,0.0305,,,,,,,,saturation,nitrogen,,-80.0,,
491,447,60,literature,journal_article,10.1021/ma2000515,,,214,74,"poly(3-hexylthiophene-2,5-diyl)",P3HT,48.96,24.0,2.04,98.0,,,,,,,,,7501.0,styrene,2.0,,,,,24.0,aging,,,,76.0,,62,n-doped Si,SiO2,200.0,,,Au,,BGBC,20.0,800.0,,3.0,OTS-8,57,drop,,,,,,,,nitrogen,,,,,,,,,,,,,,0.0335,,,,,,,,saturation,nitrogen,,-80.0,,
492,448,60,literature,journal_article,10.1021/ma2000515,,,215,74,"poly(3-hexylthiophene-2,5-diyl)",P3HT,48.96,24.0,2.04,98.0,,,,,,,,,241.0,benzene,2.0,,,,,25.0,aging,,,,168.0,,62,n-doped Si,SiO2,200.0,,,Au,,BGBC,20.0,800.0,,3.0,OTS-8,57,drop,,,,,,,,nitrogen,,,,,,,,,,,,,,0.0145,,,,,,,,saturation,nitrogen,,-80.0,,
493,449,61,literature,journal_article,10.5012/bkcs.2014.35.88.22770,,,216,75,"poly(3-hexylthiophene-2,5-diyl)",P3HT,,25.0,,90.0,,,,,,,,,6212.0,chloroform,,,,,,,,,,,,,63,,,,,,Au,,BGTC,100.0,1000.0,,,,36,spin,,,,,,,,,,51.0,0.5,240.0,,32.0,,,,,,,,0.0035,,,,,,,,saturation,,,-60.0,,
494,450,61,literature,journal_article,10.5012/bkcs.2014.35.88.22770,,,216,75,"poly(3-hexylthiophene-2,5-diyl)",P3HT,,25.0,,90.0,,,,,,,,,6212.0,chloroform,,,,,,,,,,,,,64,,,,,,Au,,BGTC,150.0,1000.0,,,,36,spin,,,,,,,,,,51.0,0.5,240.0,,32.0,,,,,,,,0.0035,,,,,,,,saturation,,,-60.0,,
495,451,61,literature,journal_article,10.5012/bkcs.2014.35.88.22770,,,216,75,"poly(3-hexylthiophene-2,5-diyl)",P3HT,,25.0,,90.0,,,,,,,,,6212.0,chloroform,,,,,,,,,,,,,65,,,,,,Au,,BGTC,200.0,1000.0,,,,36,spin,,,,,,,,,,51.0,0.5,240.0,,32.0,,,,,,,,0.0035,,,,,,,,saturation,,,-60.0,,
496,452,61,literature,journal_article,10.5012/bkcs.2014.35.88.22770,,,216,75,"poly(3-hexylthiophene-2,5-diyl)",P3HT,,25.0,,90.0,,,,,,,,,6212.0,chloroform,,,,,,,,,,,,,66,,,,,,Au,,BGTC,250.0,1000.0,,,,36,spin,,,,,,,,,,51.0,0.5,240.0,,32.0,,,,,,,,0.0035,,,,,,,,saturation,,,-60.0,,
497,453,61,literature,journal_article,10.5012/bkcs.2014.35.88.22770,,,216,75,"poly(3-hexylthiophene-2,5-diyl)",P3HT,,25.0,,90.0,,,,,,,,,6212.0,chloroform,,,,,,,,,,,,,63,,,,,,Au,,BGTC,100.0,1000.0,,,,36,spin,,,,,,,,,,,,,,32.0,,,,,,,,0.00032,,,,,,,,saturation,,,-60.0,,
498,454,61,literature,journal_article,10.5012/bkcs.2014.35.88.22770,,,216,75,"poly(3-hexylthiophene-2,5-diyl)",P3HT,,25.0,,90.0,,,,,,,,,6212.0,chloroform,,,,,,,,,,,,,64,,,,,,Au,,BGTC,150.0,1000.0,,,,36,spin,,,,,,,,,,,,,,32.0,,,,,,,,0.00032,,,,,,,,saturation,,,-60.0,,
499,455,61,literature,journal_article,10.5012/bkcs.2014.35.88.22770,,,216,75,"poly(3-hexylthiophene-2,5-diyl)",P3HT,,25.0,,90.0,,,,,,,,,6212.0,chloroform,,,,,,,,,,,,,65,,,,,,Au,,BGTC,200.0,1000.0,,,,36,spin,,,,,,,,,,,,,,32.0,,,,,,,,0.00032,,,,,,,,saturation,,,-60.0,,
500,456,61,literature,journal_article,10.5012/bkcs.2014.35.88.22770,,,216,75,"poly(3-hexylthiophene-2,5-diyl)",P3HT,,25.0,,90.0,,,,,,,,,6212.0,chloroform,,,,,,,,,,,,,66,,,,,,Au,,BGTC,250.0,1000.0,,,,36,spin,,,,,,,,,,,,,,32.0,,,,,,,,0.00032,,,,,,,,saturation,,,-60.0,,
501,457,62,literature,journal_article,10.1021/jp4116047,,,217,76,"poly(3-hexylthiophene-2,5-diyl)",P3HT,47.7,24.0,1.9875,92.0,,,,,,,,,6212.0,chloroform,3.0,,,,,,,,,,,,67,n-doped Si,SiO2,200.0,,,Au,,BGBC,200.0,500.0,,,,24,spin,2000.0,60.0,,,,,,nitrogen,,,,,,90.0,,,,,,,,0.00381,,,,,,,,linear,vacuum,,,,
502,457,62,literature,journal_article,10.1021/jp4116047,,,217,76,"poly(3-hexylthiophene-2,5-diyl)",P3HT,47.7,24.0,1.9875,92.0,,,,,,,,,6212.0,chloroform,3.0,,,,,,,,,,,,67,n-doped Si,SiO2,200.0,,,Au,,BGBC,200.0,500.0,,,,24,spin,2000.0,60.0,,,,,,nitrogen,,,,,,90.0,,,,,,,,0.031745636,,,,,,,,linear,vacuum,,,,
503,458,63,literature,journal_article,10.1002/polb.23022,,,218,77,"poly(3-hexylthiophene-2,5-diyl)",P3HT,5.1,5.1,1.0,90.0,,,,,,,,,6212.0,chloroform,15.0,,,,,,,,,,,,68,n-doped Si,SiO2,200.0,,,Au,,BGTC,100.0,148500.0,,12.0,HMDS,53,spin,1500.0,,,,,,,nitrogen,,,,,,,,,,,,,,4.58e-05,,,,,,,,saturation,nitrogen,,-60.0,,
504,459,63,literature,journal_article,10.1002/polb.23022,,,219,78,"poly(3-hexylthiophene-2,5-diyl)",P3HT,11.3,11.3,1.0,90.0,,,,,,,,,6212.0,chloroform,15.0,,,,,,,,,,,,68,n-doped Si,SiO2,200.0,,,Au,,BGTC,100.0,148500.0,,12.0,HMDS,53,spin,1500.0,,,,,,,nitrogen,,,,,,,,,,,,,,0.019,,,,,,,,saturation,nitrogen,,-60.0,,
505,460,63,literature,journal_article,10.1002/polb.23022,,,220,79,"poly(3-hexylthiophene-2,5-diyl)",P3HT,18.6,18.6,1.0,90.0,,,,,,,,,6212.0,chloroform,15.0,,,,,,,,,,,,68,n-doped Si,SiO2,200.0,,,Au,,BGTC,100.0,148500.0,,12.0,HMDS,53,spin,1500.0,,,,,,,nitrogen,,,,,,,,,,,,,,0.016,,,,,,,,saturation,nitrogen,,-60.0,,
506,461,63,literature,journal_article,10.1002/polb.23022,,,221,80,"poly(3-hexylthiophene-2,5-diyl)",P3HT,6.608,5.6,1.18,90.0,,,,,,,,,6212.0,chloroform,15.0,,,,,,,,,,,,68,n-doped Si,SiO2,200.0,,,Au,,BGTC,100.0,148500.0,,12.0,HMDS,53,spin,1500.0,,,,,,,nitrogen,,,,,,,,,,,,,,1.23e-06,,,,,,,,saturation,nitrogen,,-60.0,,
507,462,63,literature,journal_article,10.1002/polb.23022,,,222,81,"poly(3-hexylthiophene-2,5-diyl)",P3HT,20.424,13.8,1.48,90.0,,,,,,,,,6212.0,chloroform,15.0,,,,,,,,,,,,68,n-doped Si,SiO2,200.0,,,Au,,BGTC,100.0,148500.0,,12.0,HMDS,64,dip,1500.0,,,,,,,nitrogen,,,,,,,,,,,,,,0.000609,,,,,,,,saturation,nitrogen,,-60.0,,
508,463,63,literature,journal_article,10.1002/polb.23022,,,223,82,"poly(3-hexylthiophene-2,5-diyl)",P3HT,25.65,19.0,1.35,90.0,,,,,,,,,6212.0,chloroform,15.0,,,,,,,,,,,,68,n-doped Si,SiO2,200.0,,,Au,,BGTC,100.0,148500.0,,12.0,HMDS,64,dip,1500.0,,,,,,,nitrogen,,,,,,,,,,,,,,0.0106,,,,,,,,saturation,nitrogen,,-60.0,,
509,464,64,literature,journal_article,10.1063/1.2222065,,,224,83,"poly(3-hexylthiophene-2,5-diyl)",P3HT,37.74,25.5,1.48,98.5,,,,,,,,,13.0,"1,2,4-trichlorobenzene",1.0,,,,,,,,,,,,69,n-doped Si,SiO2,200.0,,,Au,,BGBC,7.5,1000.0,,,,65,spin,4000.0,60.0,,,,,,nitrogen,,,,,,15.0,,,,,,,,0.023,,,,,,,,saturation,nitrogen,,-60.0,,
510,465,64,literature,journal_article,10.1063/1.2222065,,,225,83,"poly(3-hexylthiophene-2,5-diyl)",P3HT,37.74,25.5,1.48,98.5,,,,,,,,,7809.0,"1,4-xylene",1.0,,,,,,,,,,,,69,n-doped Si,SiO2,200.0,,,Au,,BGBC,7.5,1000.0,,,,65,spin,4000.0,60.0,,,,,,nitrogen,,,,,,15.0,,,,,,,,0.015,,,,,,,,saturation,nitrogen,,-60.0,,
511,466,64,literature,journal_article,10.1063/1.2222065,,,226,83,"poly(3-hexylthiophene-2,5-diyl)",P3HT,37.74,25.5,1.48,98.5,,,,,,,,,6212.0,chloroform,1.0,,,,,,,,,,,,69,n-doped Si,SiO2,200.0,,,Au,,BGBC,7.5,1000.0,,,,65,spin,4000.0,60.0,,,,,,nitrogen,,,,,,15.0,,,,,,,,0.0011,,,,,,,,saturation,nitrogen,,-60.0,,
512,467,64,literature,journal_article,10.1063/1.2222065,,,226,83,"poly(3-hexylthiophene-2,5-diyl)",P3HT,37.74,25.5,1.48,98.5,,,,,,,,,6212.0,chloroform,1.0,,,,,,,,,,,,69,n-doped Si,SiO2,200.0,,,Au,,BGBC,7.5,1000.0,,12.0,HMDS,65,spin,4000.0,60.0,,,,,,nitrogen,,,,,,15.0,,,,,,,,0.0016,,,,,,,,saturation,nitrogen,,-60.0,,
513,468,64,literature,journal_article,10.1063/1.2222065,,,224,83,"poly(3-hexylthiophene-2,5-diyl)",P3HT,37.74,25.5,1.48,98.5,,,,,,,,,13.0,"1,2,4-trichlorobenzene",1.0,,,,,,,,,,,,69,n-doped Si,SiO2,200.0,,,Au,,BGBC,7.5,1000.0,,,,58,dip,,,,60.0,,,,nitrogen,,,,,,15.0,,,,,,,,0.0024,,,,,,,,saturation,nitrogen,,-60.0,,
514,469,64,literature,journal_article,10.1063/1.2222065,,,225,83,"poly(3-hexylthiophene-2,5-diyl)",P3HT,37.74,25.5,1.48,98.5,,,,,,,,,7809.0,"1,4-xylene",1.0,,,,,,,,,,,,69,n-doped Si,SiO2,200.0,,,Au,,BGBC,7.5,1000.0,,,,58,dip,,,,60.0,,,,nitrogen,,,,,,15.0,,,,,,,,0.015,,,,,,,,saturation,nitrogen,,-60.0,,
515,470,64,literature,journal_article,10.1063/1.2222065,,,226,83,"poly(3-hexylthiophene-2,5-diyl)",P3HT,37.74,25.5,1.48,98.5,,,,,,,,,6212.0,chloroform,1.0,,,,,,,,,,,,69,n-doped Si,SiO2,200.0,,,Au,,BGBC,7.5,1000.0,,,,58,dip,,,,60.0,,,,nitrogen,,,,,,15.0,,,,,,,,0.085,,,,,,,,saturation,nitrogen,,-60.0,,
516,471,64,literature,journal_article,10.1063/1.2222065,,,226,83,"poly(3-hexylthiophene-2,5-diyl)",P3HT,37.74,25.5,1.48,98.5,,,,,,,,,6212.0,chloroform,1.0,,,,,,,,,,,,69,n-doped Si,SiO2,200.0,,,Au,,BGBC,7.5,1000.0,,12.0,HMDS,58,dip,,,,60.0,,,,nitrogen,,,,,,15.0,,,,,,,,0.15,,,,,,,,saturation,nitrogen,,-60.0,,
517,472,64,literature,journal_article,10.1063/1.2222065,,,227,83,"poly(3-hexylthiophene-2,5-diyl)",P3HT,37.74,25.5,1.48,98.5,,,,,,,,,13.0,"1,2,4-trichlorobenzene",0.1,,,,,,,,,,,,69,n-doped Si,SiO2,200.0,,,Au,,BGBC,7.5,1000.0,,,,57,drop,,,,,,,,nitrogen,,,,,,15.0,,,,,,,,0.00015,,,,,,,,saturation,nitrogen,,-60.0,,
518,473,64,literature,journal_article,10.1063/1.2222065,,,228,83,"poly(3-hexylthiophene-2,5-diyl)",P3HT,37.74,25.5,1.48,98.5,,,,,,,,,7809.0,"1,4-xylene",0.1,,,,,,,,,,,,69,n-doped Si,SiO2,200.0,,,Au,,BGBC,7.5,1000.0,,,,57,drop,,,,,,,,nitrogen,,,,,,15.0,,,,,,,,0.0014,,,,,,,,saturation,nitrogen,,-60.0,,
519,474,64,literature,journal_article,10.1063/1.2222065,,,229,83,"poly(3-hexylthiophene-2,5-diyl)",P3HT,37.74,25.5,1.48,98.5,,,,,,,,,6212.0,chloroform,0.1,,,,,,,,,,,,69,n-doped Si,SiO2,200.0,,,Au,,BGBC,7.5,1000.0,,,,57,drop,,,,,,,,nitrogen,,,,,,15.0,,,,,,,,0.021,,,,,,,,saturation,nitrogen,,-60.0,,
520,475,64,literature,journal_article,10.1063/1.2222065,,,229,83,"poly(3-hexylthiophene-2,5-diyl)",P3HT,37.74,25.5,1.48,98.5,,,,,,,,,6212.0,chloroform,0.1,,,,,,,,,,,,69,n-doped Si,SiO2,200.0,,,Au,,BGBC,7.5,1000.0,,12.0,HMDS,57,drop,,,,,,,,nitrogen,,,,,,15.0,,,,,,,,0.0023,,,,,,,,saturation,nitrogen,,-60.0,,
521,476,64,literature,journal_article,10.1063/1.2222065,,,229,83,"poly(3-hexylthiophene-2,5-diyl)",P3HT,37.74,25.5,1.48,98.5,,,,,,,,,6212.0,chloroform,0.1,,,,,,,,,,,,69,n-doped Si,SiO2,200.0,,,Au,,BGBC,7.5,1000.0,,12.0,HMDS,66,drop,,,,60.0,,,,nitrogen,,52.0,1.0,150.0,,15.0,,,,,,,,0.25,,,,,,,,saturation,nitrogen,,-60.0,,
522,477,65,literature,journal_article,10.1016/j.synthmet.2006.04.013,,,230,84,"poly(3-hexylthiophene-2,5-diyl)",P3HT,2.755,1.9,1.45,98.0,,,,,,,,,6212.0,chloroform,2.0,,,,,,,,,,,,70,n-doped Si,SiO2,300.0,,,Au,,BGBC,20.0,9000.0,,12.0,HMDS,67,spin,300.0,30.0,,,,,,air,,,,,,50.0,,,,,,,,4.86e-05,,,,,,,,saturation,nitrogen,,-60.0,,
523,478,65,literature,journal_article,10.1016/j.synthmet.2006.04.013,,,231,85,"poly(3-hexylthiophene-2,5-diyl)",P3HT,11.592,5.6,2.07,98.0,,,,,,,,,6212.0,chloroform,2.0,,,,,,,,,,,,70,n-doped Si,SiO2,300.0,,,Au,,BGBC,20.0,9000.0,,12.0,HMDS,67,spin,300.0,30.0,,,,,,air,,,,,,50.0,,,,,,,,0.000551,,,,,,,,saturation,nitrogen,,-60.0,,
524,479,65,literature,journal_article,10.1016/j.synthmet.2006.04.013,,,232,86,"poly(3-hexylthiophene-2,5-diyl)",P3HT,21.384,10.8,1.98,98.0,,,,,,,,,6212.0,chloroform,2.0,,,,,,,,,,,,70,n-doped Si,SiO2,300.0,,,Au,,BGBC,20.0,9000.0,,12.0,HMDS,67,spin,300.0,30.0,,,,,,air,,,,,,50.0,,,,,,,,0.00399,,,,,,,,saturation,nitrogen,,-60.0,,
525,480,65,literature,journal_article,10.1016/j.synthmet.2006.04.013,,,233,87,"poly(3-hexylthiophene-2,5-diyl)",P3HT,60.75,27.0,2.25,98.0,,,,,,,,,6212.0,chloroform,2.0,,,,,,,,,,,,70,n-doped Si,SiO2,300.0,,,Au,,BGBC,20.0,9000.0,,12.0,HMDS,67,spin,300.0,30.0,,,,,,air,,,,,,50.0,,,,,,,,0.0229,,,,,,,,saturation,nitrogen,,-60.0,,
526,481,65,literature,journal_article,10.1016/j.synthmet.2006.04.013,,,234,84,"poly(3-hexylthiophene-2,5-diyl)",P3HT,2.755,1.9,1.45,98.0,,,,,,,,,6212.0,chloroform,1.0,,,,,,,,,,,,70,n-doped Si,SiO2,300.0,,,Au,,BGBC,20.0,9000.0,,,,68,dip,,,,12.0,,,,air,,,,,,50.0,,,,,,,,0.000114,,,,,,,,saturation,nitrogen,,-60.0,,
527,482,65,literature,journal_article,10.1016/j.synthmet.2006.04.013,,,235,85,"poly(3-hexylthiophene-2,5-diyl)",P3HT,11.592,5.6,2.07,98.0,,,,,,,,,6212.0,chloroform,1.0,,,,,,,,,,,,70,n-doped Si,SiO2,300.0,,,Au,,BGBC,20.0,9000.0,,,,68,dip,,,,12.0,,,,air,,,,,,50.0,,,,,,,,0.000912,,,,,,,,saturation,nitrogen,,-60.0,,
528,483,65,literature,journal_article,10.1016/j.synthmet.2006.04.013,,,236,86,"poly(3-hexylthiophene-2,5-diyl)",P3HT,21.384,10.8,1.98,98.0,,,,,,,,,6212.0,chloroform,1.0,,,,,,,,,,,,70,n-doped Si,SiO2,300.0,,,Au,,BGBC,20.0,9000.0,,,,68,dip,,,,12.0,,,,air,,,,,,50.0,,,,,,,,0.00687,,,,,,,,saturation,nitrogen,,-60.0,,
529,484,65,literature,journal_article,10.1016/j.synthmet.2006.04.013,,,237,87,"poly(3-hexylthiophene-2,5-diyl)",P3HT,60.75,27.0,2.25,98.0,,,,,,,,,6212.0,chloroform,1.0,,,,,,,,,,,,70,n-doped Si,SiO2,300.0,,,Au,,BGBC,20.0,9000.0,,,,68,dip,,,,12.0,,,,air,,,,,,50.0,,,,,,,,0.017,,,,,,,,saturation,nitrogen,,-60.0,,
530,485,65,literature,journal_article,10.1016/j.synthmet.2006.04.013,,,238,88,"poly(3-hexylthiophene-2,5-diyl)",P3HT,1.4279000000000002,1.09,1.31,98.0,,,,,,,,,6212.0,chloroform,0.5,,,,,26.0,poor_solvent,8028.0,tetrahydrofuran,0.176,,,70,n-doped Si,SiO2,300.0,,,Au,,BGBC,20.0,9000.0,,12.0,HMDS,45,drop,,,,,,,,air,,,,,,50.0,,,,,,,,1.46e-05,,,,,,,,saturation,nitrogen,,-60.0,,
531,486,65,literature,journal_article,10.1016/j.synthmet.2006.04.013,,,239,84,"poly(3-hexylthiophene-2,5-diyl)",P3HT,2.755,1.9,1.45,98.0,,,,,,,,,6212.0,chloroform,0.5,,,,,26.0,poor_solvent,8028.0,tetrahydrofuran,0.176,,,70,n-doped Si,SiO2,300.0,,,Au,,BGBC,20.0,9000.0,,12.0,HMDS,45,drop,,,,,,,,air,,,,,,50.0,,,,,,,,3.43e-05,,,,,,,,saturation,nitrogen,,-60.0,,
532,487,65,literature,journal_article,10.1016/j.synthmet.2006.04.013,,,240,85,"poly(3-hexylthiophene-2,5-diyl)",P3HT,11.592,5.6,2.07,98.0,,,,,,,,,6212.0,chloroform,0.5,,,,,26.0,poor_solvent,8028.0,tetrahydrofuran,0.176,,,70,n-doped Si,SiO2,300.0,,,Au,,BGBC,20.0,9000.0,,12.0,HMDS,45,drop,,,,,,,,air,,,,,,50.0,,,,,,,,0.000709,,,,,,,,saturation,nitrogen,,-60.0,,
533,488,65,literature,journal_article,10.1016/j.synthmet.2006.04.013,,,241,86,"poly(3-hexylthiophene-2,5-diyl)",P3HT,21.384,10.8,1.98,98.0,,,,,,,,,6212.0,chloroform,0.5,,,,,26.0,poor_solvent,8028.0,tetrahydrofuran,0.176,,,70,n-doped Si,SiO2,300.0,,,Au,,BGBC,20.0,9000.0,,12.0,HMDS,45,drop,,,,,,,,air,,,,,,50.0,,,,,,,,0.00414,,,,,,,,saturation,nitrogen,,-60.0,,
534,489,65,literature,journal_article,10.1016/j.synthmet.2006.04.013,,,242,87,"poly(3-hexylthiophene-2,5-diyl)",P3HT,60.75,27.0,2.25,98.0,,,,,,,,,6212.0,chloroform,0.5,,,,,26.0,poor_solvent,8028.0,tetrahydrofuran,0.176,,,70,n-doped Si,SiO2,300.0,,,Au,,BGBC,20.0,9000.0,,12.0,HMDS,45,drop,,,,,,,,air,,,,,,50.0,,,,,,,,0.0364,,,,,,,,saturation,nitrogen,,-60.0,,
535,490,66,literature,journal_article,10.1002/adfm.200400017,,,243,90,"poly(3-hexylthiophene-2,5-diyl)",P3HT,3.146,2.2,1.43,91.0,,,,,,,,,6212.0,chloroform,,,,,,,,,,,,,71,n-doped Si,SiO2,300.0,,,Au,,BGTC,100.0,148500.0,,12.0,HMDS,20,spin,,,,,,,,nitrogen,,,,,,45.0,,,,,,,,5.5e-07,,,,,,,,saturation,nitrogen,,-80.0,,
536,491,66,literature,journal_article,10.1002/adfm.200400017,,,243,90,"poly(3-hexylthiophene-2,5-diyl)",P3HT,3.146,2.2,1.43,91.0,,,,,,,,,6212.0,chloroform,,,,,,,,,,,,,71,n-doped Si,SiO2,300.0,,,Au,,BGTC,100.0,148500.0,,12.0,HMDS,20,spin,,,,,,,,nitrogen,,44.0,0.083333333,150.0,,45.0,,,,,,,,2.5e-06,,,,,,,,saturation,nitrogen,,-80.0,,
537,492,66,literature,journal_article,10.1002/adfm.200400017,,,244,91,"poly(3-hexylthiophene-2,5-diyl)",P3HT,6.608,5.6,1.18,91.0,,,,,,,,,6212.0,chloroform,,,,,,,,,,,,,71,n-doped Si,SiO2,300.0,,,Au,,BGTC,100.0,148500.0,,12.0,HMDS,20,spin,,,,,,,,nitrogen,,,,,,45.0,,,,,,,,1.6e-05,,,,,,,,saturation,nitrogen,,-80.0,,
538,493,66,literature,journal_article,10.1002/adfm.200400017,,,244,91,"poly(3-hexylthiophene-2,5-diyl)",P3HT,6.608,5.6,1.18,91.0,,,,,,,,,6212.0,chloroform,,,,,,,,,,,,,71,n-doped Si,SiO2,300.0,,,Au,,BGTC,100.0,148500.0,,12.0,HMDS,20,spin,,,,,,,,nitrogen,,44.0,0.083333333,150.0,,45.0,,,,,,,,4.3e-05,,,,,,,,saturation,nitrogen,,-80.0,,
539,494,66,literature,journal_article,10.1002/adfm.200400017,,,245,92,"poly(3-hexylthiophene-2,5-diyl)",P3HT,20.424,13.8,1.48,91.0,,,,,,,,,6212.0,chloroform,,,,,,,,,,,,,71,n-doped Si,SiO2,300.0,,,Au,,BGTC,100.0,148500.0,,12.0,HMDS,20,spin,,,,,,,,nitrogen,,,,,,45.0,,,,,,,,0.0013,,,,,,,,saturation,nitrogen,,-80.0,,
540,495,66,literature,journal_article,10.1002/adfm.200400017,,,245,92,"poly(3-hexylthiophene-2,5-diyl)",P3HT,20.424,13.8,1.48,91.0,,,,,,,,,6212.0,chloroform,,,,,,,,,,,,,71,n-doped Si,SiO2,300.0,,,Au,,BGTC,100.0,148500.0,,12.0,HMDS,20,spin,,,,,,,,nitrogen,,44.0,0.083333333,150.0,,45.0,,,,,,,,0.00047,,,,,,,,saturation,nitrogen,,-80.0,,
541,496,66,literature,journal_article,10.1002/adfm.200400017,,,246,93,"poly(3-hexylthiophene-2,5-diyl)",P3HT,25.65,19.0,1.35,91.0,,,,,,,,,6212.0,chloroform,,,,,,,,,,,,,71,n-doped Si,SiO2,300.0,,,Au,,BGTC,100.0,148500.0,,12.0,HMDS,20,spin,,,,,,,,nitrogen,,,,,,45.0,,,,,,,,0.0026,,,,,,,,saturation,nitrogen,,-80.0,,
542,497,66,literature,journal_article,10.1002/adfm.200400017,,,246,93,"poly(3-hexylthiophene-2,5-diyl)",P3HT,25.65,19.0,1.35,91.0,,,,,,,,,6212.0,chloroform,,,,,,,,,,,,,71,n-doped Si,SiO2,300.0,,,Au,,BGTC,100.0,148500.0,,12.0,HMDS,20,spin,,,,,,,,nitrogen,,44.0,0.083333333,150.0,,45.0,,,,,,,,0.0042,,,,,,,,saturation,nitrogen,,-80.0,,
543,498,67,literature,journal_article,10.1002/adfm.201301007,,,247,94,"poly(3-hexylthiophene-2,5-diyl)",P3HT,70.0,35.0,2.0,97.0,,,,,,,,,1140.0,toluene,3.5,,,,,27.0,aging,,,,48.0,25.0,72,n-doped Si,SiO2,300.0,,,Au,,BGTC,30.0,500.0,,,,70,spin,1000.0,30.0,,,,,,air,,,,,,40.0,,,,,,,,0.00368,,,,,,,,saturation,air,,,,
544,498,67,literature,journal_article,10.1002/adfm.201301007,,,247,94,"poly(3-hexylthiophene-2,5-diyl)",P3HT,70.0,35.0,2.0,97.0,,,,,,,,,1140.0,toluene,3.5,,,,,27.0,aging,,,,48.0,25.0,72,n-doped Si,SiO2,300.0,,,Au,,BGTC,30.0,500.0,,,,70,spin,1000.0,30.0,,,,,,air,,,,,,40.0,,,,,,,,0.00135,,,,,,,,saturation,air,,,,
545,498,67,literature,journal_article,10.1002/adfm.201301007,,,247,94,"poly(3-hexylthiophene-2,5-diyl)",P3HT,70.0,35.0,2.0,97.0,,,,,,,,,1140.0,toluene,3.5,,,,,27.0,aging,,,,48.0,25.0,72,n-doped Si,SiO2,300.0,,,Au,,BGTC,30.0,500.0,,,,70,spin,1000.0,30.0,,,,,,air,,,,,,40.0,,,,,,,,0.000629,,,,,,,,saturation,air,,,,
546,498,67,literature,journal_article,10.1002/adfm.201301007,,,247,94,"poly(3-hexylthiophene-2,5-diyl)",P3HT,70.0,35.0,2.0,97.0,,,,,,,,,1140.0,toluene,3.5,,,,,27.0,aging,,,,48.0,25.0,72,n-doped Si,SiO2,300.0,,,Au,,BGTC,30.0,500.0,,,,70,spin,1000.0,30.0,,,,,,air,,,,,,40.0,,,,,,,,0.000871,,,,,,,,saturation,air,,,,
547,498,67,literature,journal_article,10.1002/adfm.201301007,,,247,94,"poly(3-hexylthiophene-2,5-diyl)",P3HT,70.0,35.0,2.0,97.0,,,,,,,,,1140.0,toluene,3.5,,,,,27.0,aging,,,,48.0,25.0,72,n-doped Si,SiO2,300.0,,,Au,,BGTC,30.0,500.0,,,,70,spin,1000.0,30.0,,,,,,air,,,,,,40.0,,,,,,,,0.00102,,,,,,,,saturation,air,,,,
548,499,67,literature,journal_article,10.1002/adfm.201301007,,,248,95,"poly(3-hexylthiophene-2,5-diyl)",P3HT,163.2,68.0,2.4,90.0,,,,,,,,,1140.0,toluene,3.5,,,,,27.0,aging,,,,48.0,25.0,72,n-doped Si,SiO2,300.0,,,Au,,BGTC,30.0,500.0,,,,70,spin,1000.0,30.0,,,,,,air,,,,,,38.0,,,,,,,,0.00102,,,,,,,,saturation,air,,,,
549,499,67,literature,journal_article,10.1002/adfm.201301007,,,248,95,"poly(3-hexylthiophene-2,5-diyl)",P3HT,163.2,68.0,2.4,90.0,,,,,,,,,1140.0,toluene,3.5,,,,,27.0,aging,,,,48.0,25.0,72,n-doped Si,SiO2,300.0,,,Au,,BGTC,30.0,500.0,,,,70,spin,1000.0,30.0,,,,,,air,,,,,,38.0,,,,,,,,0.00305,,,,,,,,saturation,air,,,,
550,499,67,literature,journal_article,10.1002/adfm.201301007,,,248,95,"poly(3-hexylthiophene-2,5-diyl)",P3HT,163.2,68.0,2.4,90.0,,,,,,,,,1140.0,toluene,3.5,,,,,27.0,aging,,,,48.0,25.0,72,n-doped Si,SiO2,300.0,,,Au,,BGTC,30.0,500.0,,,,70,spin,1000.0,30.0,,,,,,air,,,,,,38.0,,,,,,,,0.00803,,,,,,,,saturation,air,,,,
551,499,67,literature,journal_article,10.1002/adfm.201301007,,,248,95,"poly(3-hexylthiophene-2,5-diyl)",P3HT,163.2,68.0,2.4,90.0,,,,,,,,,1140.0,toluene,3.5,,,,,27.0,aging,,,,48.0,25.0,72,n-doped Si,SiO2,300.0,,,Au,,BGTC,30.0,500.0,,,,70,spin,1000.0,30.0,,,,,,air,,,,,,38.0,,,,,,,,0.00953,,,,,,,,saturation,air,,,,
552,499,67,literature,journal_article,10.1002/adfm.201301007,,,248,95,"poly(3-hexylthiophene-2,5-diyl)",P3HT,163.2,68.0,2.4,90.0,,,,,,,,,1140.0,toluene,3.5,,,,,27.0,aging,,,,48.0,25.0,72,n-doped Si,SiO2,300.0,,,Au,,BGTC,30.0,500.0,,,,70,spin,1000.0,30.0,,,,,,air,,,,,,38.0,,,,,,,,0.00915,,,,,,,,saturation,air,,,,
